"","individualID","namedLocation","plotID","date.x","growthForm","plantStatus","stemDiameter","measurementHeight","changedMeasurementLocation","height","maxCrownDiameter","ninetyCrownDiameter","canopyPosition","basalStemDiameter","subplotID","taxonID","scientificName","utmZone","adjNorthing","adjEasting","adjCoordinateUncertainty","adjDecimalLatitude","adjDecimalLongitude","adjElevation","adjElevationUncertainty"
"256","NEON.PLA.D19.DEJU.00330","DEJU_047.basePlot.vst","DEJU_047",2021-08-25,"single bole tree","Live",20.9,140,"noChange",11.9,3.3,2.8,"Mostly shaded",NA,"21","PIGL","Picea glauca (Moench) Voss","6N",7084487.58641718,561922.243257804,0.77,63.8820954841397,-145.739258637161,"505.16",1.18
"170","NEON.PLA.D19.DEJU.00241","DEJU_047.basePlot.vst","DEJU_047",2021-08-24,"single bole tree","Live",20.1,140,"noChange",11.5,2.7,2,"Partially shaded",NA,"21","PIGL","Picea glauca (Moench) Voss","6N",7084485.58320116,561910.116008726,0.71,63.8820796611283,-145.739506282419,"505.29",1.17
"227","NEON.PLA.D19.DEJU.00299","DEJU_049.basePlot.vst","DEJU_049",2021-08-25,"single bole tree","Live",23.4,132,"noChange",11.4,3.5,3.4,"Partially shaded",NA,"21","PIGL","Picea glauca (Moench) Voss","6N",7084339.4653989,561917.834793901,0.7,63.8807673242729,-145.739407935528,"507.25",1.1
"131","NEON.PLA.D19.DEJU.00210","DEJU_047.basePlot.vst","DEJU_047",2021-08-24,"single bole tree","Live",20.1,138,"noChange",10.9,3.1,2.7,"Partially shaded",NA,"21","PIGL","Picea glauca (Moench) Voss","6N",7084499.48666169,561906.957193059,0.75,63.8822049628435,-145.73956498665,"504.95",1.11
"132","NEON.PLA.D19.DEJU.00210","DEJU_047.basePlot.vst","DEJU_047",2021-08-24,"single bole tree","Live",20.1,138,"noChange",10.9,3.1,2.7,"Partially shaded",NA,"21","PIGL","Picea glauca (Moench) Voss","6N",7084498.82593547,561907.121277269,0.71,63.882199005726,-145.739561912531,"505.29",1.17
"126","NEON.PLA.D19.DEJU.00206","DEJU_047.basePlot.vst","DEJU_047",2021-08-24,"single bole tree","Live",17,135,"noChange",10.8,2.1,1.6,"Full sun",NA,"21","PIGL","Picea glauca (Moench) Voss","6N",7084492.04175324,561904.571404072,0.71,63.8821385900111,-145.739616541078,"505.29",1.17
"805","NEON.PLA.D19.DEJU.02815","DEJU_055.basePlot.vst","DEJU_055",2021-08-26,"single bole tree","Live",19.7,130,"noChange",10.7,2.6,2.4,"Partially shaded",NA,"23","PIGL","Picea glauca (Moench) Voss","6N",7083804.20381706,561130.020897761,0.7,63.8761036930044,-145.75565501091,"517.3",1.1
"101","NEON.PLA.D19.DEJU.00169","DEJU_049.basePlot.vst","DEJU_049",2021-08-25,"single bole tree","Live",25.2,131,"noChange",10.4,4.5,4.3,"Partially shaded",NA,"21","PIGL","Picea glauca (Moench) Voss","6N",7084330.79105243,561908.68938442,0.7,63.8806911191088,-145.739597561415,"507.62",1.1
"732","NEON.PLA.D19.DEJU.02505","DEJU_064.basePlot.vst","DEJU_064",2021-08-26,"single bole tree","Live",19.7,120,"noChange",10.3,2.6,2.5,"Partially shaded",NA,"21","PIGL","Picea glauca (Moench) Voss","6N",7084242.11352002,560918.891803423,0.7,63.8800695291484,-145.759778257954,"511.19",1.1
"733","NEON.PLA.D19.DEJU.02507","DEJU_064.basePlot.vst","DEJU_064",2021-08-26,"single bole tree","Live",21,125,"noChange",10.3,2.6,2.5,"Partially shaded",NA,"21","PIGL","Picea glauca (Moench) Voss","6N",7084246.36944045,560929.431169325,0.7,63.8801058753059,-145.759562067999,"510.92",1.1
"269","NEON.PLA.D19.DEJU.00342","DEJU_047.basePlot.vst","DEJU_047",2021-08-25,"single bole tree","Live",17.9,133,"noChange",10.2,3.2,2,"Partially shaded",NA,"23","PIGL","Picea glauca (Moench) Voss","6N",7084496.42896434,561923.834111728,0.84,63.882174537392,-145.739222700068,"505.19",1.29
"575","NEON.PLA.D19.DEJU.01531","DEJU_053.basePlot.vst","DEJU_053",2021-08-26,"single bole tree","Live",18.8,137,"noChange",10.2,2,2,"Partially shaded",NA,"21","PIMA","Picea mariana (Mill.) Britton, Sterns & Poggenb.","6N",7084397.70667176,560719.738997025,0.7,63.8815001996375,-145.763770227708,"511.36",1.1
"145","NEON.PLA.D19.DEJU.00221","DEJU_047.basePlot.vst","DEJU_047",2021-08-24,"single bole tree","Live",15.9,130,"noChange",10,3,1.8,"Mostly shaded",NA,"21","PIMA","Picea mariana (Mill.) Britton, Sterns & Poggenb.","6N",7084496.94922831,561920.24168735,0.84,63.8821798421016,-145.739295611724,"505.19",1.29
"410","NEON.PLA.D19.DEJU.00565","DEJU_061.basePlot.vst","DEJU_061",2021-08-26,"single bole tree","Live",16.4,135,"noChange",10,2.3,1.9,"Partially shaded",NA,"21","PIMA","Picea mariana (Mill.) Britton, Sterns & Poggenb.","6N",7084165.00984031,561633.416567309,0.7,63.8792524080229,-145.745266590125,"510.51",1.1
"262","NEON.PLA.D19.DEJU.00336","DEJU_047.basePlot.vst","DEJU_047",2021-08-25,"single bole tree","Live",14.4,141,"noChange",9.7,2.1,1.8,"Partially shaded",NA,"23","PIGL","Picea glauca (Moench) Voss","6N",7084498.47626601,561932.411066627,0.7,63.88219138501,-145.739047299497,"504.82",1.1
"711","NEON.PLA.D19.DEJU.02194","DEJU_062.basePlot.vst","DEJU_062",2021-08-26,"single bole tree","Live",17.9,130,"noChange",9.7,2.7,2.3,"Partially shaded",NA,"23","PIGL","Picea glauca (Moench) Voss","6N",7084244.49271565,561232.979154273,0.7,63.8800359566317,-145.753384759311,"507.33",1.1
"735","NEON.PLA.D19.DEJU.02528","DEJU_064.basePlot.vst","DEJU_064",2021-08-26,"single bole tree","Live",18.5,130,"noChange",9.7,3,2.5,"Partially shaded",NA,"39","PIGL","Picea glauca (Moench) Voss","6N",7084281.10486,560925.127031614,0.7,63.8804182746207,-145.759635925631,"510.44",1.1
"179","NEON.PLA.D19.DEJU.00249","DEJU_047.basePlot.vst","DEJU_047",2021-08-24,"single bole tree","Live",17.3,140,"noChange",9.6,2.4,2.1,"Partially shaded",NA,"21","PIGL","Picea glauca (Moench) Voss","6N",7084498.53227152,561911.949567075,0.84,63.8821955151352,-145.739463754584,"505.19",1.29
"589","NEON.PLA.D19.DEJU.01589","DEJU_058.basePlot.vst","DEJU_058",2021-08-26,"single bole tree","Live",21.1,130,"noChange",9.6,3.3,3.3,"Partially shaded",NA,"41","PIGL","Picea glauca (Moench) Voss","6N",7083905.09156598,560978.691530603,0.71,63.877035311244,-145.758694614179,"514.35",1.12
"736","NEON.PLA.D19.DEJU.02534","DEJU_064.basePlot.vst","DEJU_064",2021-08-26,"single bole tree","Live",22,130,"noChange",9.6,3.5,3.2,"Partially shaded",NA,"39","PIGL","Picea glauca (Moench) Voss","6N",7084271.68463921,560914.434384894,0.7,63.8803356206314,-145.759857280661,"511.26",1.1
"803","NEON.PLA.D19.DEJU.02797","DEJU_055.basePlot.vst","DEJU_055",2021-08-26,"single bole tree","Live",18,126,"noChange",9.6,2.6,2.4,"Partially shaded",NA,"41","PIGL","Picea glauca (Moench) Voss","6N",7083822.32560007,561123.602121277,0.7,63.8762674058103,-145.755778441246,"516.48",1.11
"327","NEON.PLA.D19.DEJU.00404","DEJU_061.basePlot.vst","DEJU_061",2021-08-26,"single bole tree","Live",17.8,133,"noChange",9.5,3.2,2.5,"Partially shaded",NA,"21","PIMA","Picea mariana (Mill.) Britton, Sterns & Poggenb.","6N",7084159.51540504,561633.927952734,0.7,63.8792030216066,-145.745258381452,"510.61",1.1
"560","NEON.PLA.D19.DEJU.00998","DEJU_062.basePlot.vst","DEJU_062",2021-08-26,"single bole tree","Live",22.8,130,"noChange",9.5,3.3,2.3,"Partially shaded",NA,"23","PICEA","Picea sp.","6N",7084259.95663627,561233.581618116,0.7,63.8801745940441,-145.75336634796,"507.75",1.1
"588","NEON.PLA.D19.DEJU.01566","DEJU_058.basePlot.vst","DEJU_058",2021-08-26,"single bole tree","Live",17.4,138,"noChange",9.5,2.6,2.5,"Partially shaded",NA,"21","PIGL","Picea glauca (Moench) Voss","6N",7083898.79928889,560961.149020593,0.74,63.8769819181038,-145.759054105804,"514.8",1.19
"953","NEON.PLA.D19.DEJU.04718","DEJU_049.basePlot.vst","DEJU_049",2021-08-25,"single bole tree","Live",15.8,130,"noChange",9.5,2.1,2,"Partially shaded",NA,"21","PIGL","Picea glauca (Moench) Voss","6N",7084342.65940132,561903.084250134,0.71,63.8807985953441,-145.739706871869,"507.17",1.13
"149","NEON.PLA.D19.DEJU.00224","DEJU_047.basePlot.vst","DEJU_047",2021-08-24,"single bole tree","Live",12.8,138,"noChange",9.3,1.7,1.4,"Mostly shaded",NA,"21","PIMA","Picea mariana (Mill.) Britton, Sterns & Poggenb.","6N",7084493.08689969,561922.277812551,0.77,63.8821448283222,-145.739255721493,"505.16",1.18
"587","NEON.PLA.D19.DEJU.01565","DEJU_058.basePlot.vst","DEJU_058",2021-08-26,"single bole tree","Live",17.4,130,"noChange",9.3,2.4,1.9,"Partially shaded",NA,"21","PIGL","Picea glauca (Moench) Voss","6N",7083894.88261744,560962.356170125,0.74,63.8769465668025,-145.759031089858,"514.8",1.19
"775","NEON.PLA.D19.DEJU.02740","DEJU_054.basePlot.vst","DEJU_054",2021-08-25,"single bole tree","Live",20.3,130,"noChange",9.3,3.9,3.7,"Full sun",NA,"41","PIMA","Picea mariana (Mill.) Britton, Sterns & Poggenb.","6N",7084031.62673783,560849.749898636,0.7,63.8781930776143,-145.76126866547,"514.55",1.1
"109","NEON.PLA.D19.DEJU.00181","DEJU_049.basePlot.vst","DEJU_049",2021-08-25,"single bole tree","Live",21.8,135,"noChange",9.2,3.3,3,"Partially shaded",NA,"21","PIMA","Picea mariana (Mill.) Britton, Sterns & Poggenb.","6N",7084333.36772396,561903.571956128,0.7,63.8807151439847,-145.739700681141,"507.62",1.1
"804","NEON.PLA.D19.DEJU.02810","DEJU_055.basePlot.vst","DEJU_055",2021-08-26,"single bole tree","Live",21.6,130,"noChange",9.2,3.2,2.9,"Partially shaded",NA,"23","PIGL","Picea glauca (Moench) Voss","6N",7083804.07629342,561117.454255568,0.7,63.8761047474949,-145.755910791814,"517.4",1.1
"137","NEON.PLA.D19.DEJU.00214","DEJU_047.basePlot.vst","DEJU_047",2021-08-24,"single bole tree","Live",15.6,130,"noChange",9.1,3.1,3.1,"Partially shaded",NA,"21","PIGL","Picea glauca (Moench) Voss","6N",7084503.41727608,561913.953687403,0.73,63.8822389881203,-145.739420997759,"504.4",1.13
"273","NEON.PLA.D19.DEJU.00346","DEJU_047.basePlot.vst","DEJU_047",2021-08-25,"single bole tree","Live",14.4,125,"noChange",9.1,3.2,2.7,"Partially shaded",NA,"23","POTR5","Populus tremuloides Michx.","6N",7084501.22665528,561922.825642051,0.84,63.8822177610526,-145.739241296958,"505.19",1.29
"307","NEON.PLA.D19.DEJU.00377","DEJU_047.basePlot.vst","DEJU_047",2021-08-25,"single bole tree","Live",15.5,146,"noChange",9.1,2.5,2,"Partially shaded",NA,"23","PIGL","Picea glauca (Moench) Voss","6N",7084485.53804838,561937.354043194,0.7,63.8820744268572,-145.738951894268,"505.12",1.11
"808","NEON.PLA.D19.DEJU.02926","DEJU_046.basePlot.vst","DEJU_046",2021-08-25,"single bole tree","Live",16.5,127,"noChange",9.1,2.2,2,"Mostly shaded",NA,"23","PIMA","Picea mariana (Mill.) Britton, Sterns & Poggenb.","6N",7083979.26592502,561251.177254079,0.7,63.8776531385756,-145.753119870537,"512.99",1.1
"286","NEON.PLA.D19.DEJU.00357","DEJU_047.basePlot.vst","DEJU_047",2021-08-25,"single bole tree","Live",15.1,134,"noChange",8.9,2.7,2.3,"Partially shaded",NA,"23","PIGL","Picea glauca (Moench) Voss","6N",7084498.73752042,561936.334492872,0.7,63.8821930332575,-145.738967336176,"504.82",1.1
"830","NEON.PLA.D19.DEJU.02956","DEJU_046.basePlot.vst","DEJU_046",2021-08-25,"single bole tree","Live",16.3,134,"noChange",8.9,3.1,2.3,"Full sun",NA,"21","PIMA","Picea mariana (Mill.) Britton, Sterns & Poggenb.","6N",7083983.00640993,561213.356629565,0.7,63.8776933276396,-145.753888072724,"512.33",1.1
"164","NEON.PLA.D19.DEJU.00236","DEJU_047.basePlot.vst","DEJU_047",2021-08-24,"single bole tree","Live",13.1,135,"noChange",8.8,1.5,1.4,"Partially shaded",NA,"21","PIMA","Picea mariana (Mill.) Britton, Sterns & Poggenb.","6N",7084484.19621604,561917.722010292,0.77,63.8820658688119,-145.739352026716,"505.16",1.18
"258","NEON.PLA.D19.DEJU.00332","DEJU_047.basePlot.vst","DEJU_047",2021-08-25,"single bole tree","Live",18.4,133,"noChange",8.8,2.4,2.2,"Partially shaded",NA,"23","PIMA","Picea mariana (Mill.) Britton, Sterns & Poggenb.","6N",7084487.95142403,561933.792999043,0.7,63.8820967111279,-145.739023405331,"505.12",1.11
"265","NEON.PLA.D19.DEJU.00339","DEJU_047.basePlot.vst","DEJU_047",2021-08-25,"single bole tree","Live",18.5,130,"noChange",8.7,2.1,2.1,"Partially shaded",NA,"23","PIGL","Picea glauca (Moench) Voss","6N",7084492.80316781,561930.076056604,0.84,63.8821409000347,-145.73909710883,"505.19",1.29
"138","NEON.PLA.D19.DEJU.00216","DEJU_047.basePlot.vst","DEJU_047",2021-08-24,"single bole tree","Live",16.8,138,"noChange",8.6,1.9,1.8,"Full sun",NA,"21","PIMA","Picea mariana (Mill.) Britton, Sterns & Poggenb.","6N",7084497.71875473,561915.194218916,0.84,63.8821876410969,-145.739398039425,"505.19",1.29
"727","NEON.PLA.D19.DEJU.02488","DEJU_064.basePlot.vst","DEJU_064",2021-08-26,"single bole tree","Live",19,130,"noChange",8.6,3.2,2.3,"Partially shaded",NA,"21","PIGL","Picea glauca (Moench) Voss","6N",7084257.00426789,560932.833796276,0.7,63.8802006981533,-145.759488606421,"510.78",1.1
"590","NEON.PLA.D19.DEJU.01594","DEJU_058.basePlot.vst","DEJU_058",2021-08-26,"single bole tree","Live",19.2,130,"noChange",8.5,2.6,2.5,"Partially shaded",NA,"41","PIGL","Picea glauca (Moench) Voss","6N",7083918.71573087,560967.536236114,0.72,63.8771594951864,-145.758916238327,"515.26",1.13
"807","NEON.PLA.D19.DEJU.02925","DEJU_046.basePlot.vst","DEJU_046",2021-08-25,"single bole tree","Live",19.7,132,"noChange",8.5,3,2.6,"Full sun",NA,"23","PIMA","Picea mariana (Mill.) Britton, Sterns & Poggenb.","6N",7083974.68370796,561252.003201811,0.7,63.8776118818792,-145.753104884053,"513.69",1.1
"155","NEON.PLA.D19.DEJU.00229","DEJU_047.basePlot.vst","DEJU_047",2021-08-24,"single bole tree","Live",17.6,134,"noChange",8.4,3.9,3.4,"Partially shaded",NA,"21","PIGL","Picea glauca (Moench) Voss","6N",7084492.56904809,561916.763818568,0.77,63.8821411596981,-145.739368162548,"505.16",1.18
"1056","NEON.PLA.D19.DEJU.05129","DEJU_054.basePlot.vst","DEJU_054",2021-08-25,"single bole tree","Live",10.5,130,"noChange",8.4,2,1.7,"Partially shaded",NA,"39","PIMA","Picea mariana (Mill.) Britton, Sterns & Poggenb.","6N",7084032.90380739,560854.744280669,0.7,63.8782036655713,-145.761166517753,"515.06",1.1
"495","NEON.PLA.D19.DEJU.00770","DEJU_048.basePlot.vst","DEJU_048",2021-08-25,"single bole tree","Live",12.7,140,"noChange",8.3,1.5,1.3,"Partially shaded",NA,"21","PIMA","Picea mariana (Mill.) Britton, Sterns & Poggenb.","6N",7084377.99399065,561214.059387555,0.7,63.8812370526035,-145.753716753868,"506.65",1.1
"541","NEON.PLA.D19.DEJU.00832","DEJU_048.basePlot.vst","DEJU_048",2021-08-25,"single bole tree","Live",16,130,"noChange",8.3,2.2,2,"Full sun",NA,"39","PIMA","Picea mariana (Mill.) Britton, Sterns & Poggenb.","6N",7084386.71224495,561228.200251505,0.72,63.8813127946168,-145.753425468996,"506.13",1.11
"119","NEON.PLA.D19.DEJU.00199","DEJU_049.basePlot.vst","DEJU_049",2021-08-25,"single bole tree","Live",17.4,132,"noChange",8.2,2.8,2.4,"Partially shaded",NA,"21","PIGL","Picea glauca (Moench) Voss","6N",7084347.58481417,561916.628083576,0.7,63.8808403855635,-145.739429230865,"507.25",1.1
"445","NEON.PLA.D19.DEJU.00717","DEJU_053.basePlot.vst","DEJU_053",2021-08-26,"single bole tree","Live",18.5,140,"noChange",8.1,2.1,2,"Partially shaded",NA,"41","PIMA","Picea mariana (Mill.) Britton, Sterns & Poggenb.","6N",7084426.56776015,560723.813421758,0.7,63.8817584353046,-145.763675914239,"511.05",1.1
"829","NEON.PLA.D19.DEJU.02955","DEJU_046.basePlot.vst","DEJU_046",2021-08-25,"single bole tree","Live",15.9,130,"noChange",8.1,2.1,1.7,"Full sun",NA,"21","PIMA","Picea mariana (Mill.) Britton, Sterns & Poggenb.","6N",7083986.17957955,561212.85358833,0.7,63.8777218856285,-145.753897048941,"511.9",1.1
"117","NEON.PLA.D19.DEJU.00197","DEJU_049.basePlot.vst","DEJU_049",2021-08-25,"single bole tree","Live",15,133,"noChange",8,2.6,2.5,"Partially shaded",NA,"21","PIGL","Picea glauca (Moench) Voss","6N",7084338.96108929,561911.840020273,0.71,63.8807638622356,-145.739530151003,"507.17",1.13
"261","NEON.PLA.D19.DEJU.00335","DEJU_047.basePlot.vst","DEJU_047",2021-08-25,"single bole tree","Live",13.5,132,"noChange",8,3.1,1.7,"Partially shaded",NA,"23","POTR5","Populus tremuloides Michx.","6N",7084494.97474275,561933.990225308,0.7,63.8821596893386,-145.739016565591,"504.82",1.1
"278","NEON.PLA.D19.DEJU.00350","DEJU_047.basePlot.vst","DEJU_047",2021-08-25,"single bole tree","Live",13.9,122,"noChange",8,3.8,2.6,"Partially shaded",NA,"23","POTR5","Populus tremuloides Michx.","6N",7084500.36800768,561928.145900634,0.84,63.8822091139836,-145.739133352611,"505.19",1.29
"581","NEON.PLA.D19.DEJU.01537","DEJU_053.basePlot.vst","DEJU_053",2021-08-26,"single bole tree","Live",13.2,138,"noChange",8,1.9,1.5,"Partially shaded",NA,"21","PIMA","Picea mariana (Mill.) Britton, Sterns & Poggenb.","6N",7084401.4144305,560716.423563566,0.7,63.8815340422995,-145.763836247518,"511.36",1.1
"600","NEON.PLA.D19.DEJU.01789","DEJU_053.basePlot.vst","DEJU_053",2021-08-26,"single bole tree","Live",12,133,"noChange",8,1.5,1.1,"Partially shaded",NA,"21","PIMA","Picea mariana (Mill.) Britton, Sterns & Poggenb.","6N",7084395.31113201,560708.298541761,0.72,63.8814806953196,-145.764004030132,"511.89",1.15
"800","NEON.PLA.D19.DEJU.02761","DEJU_054.basePlot.vst","DEJU_054",2021-08-25,"single bole tree","Live",17.2,132,"noChange",8,4,3.7,"Partially shaded",NA,"23","PIMA","Picea mariana (Mill.) Britton, Sterns & Poggenb.","6N",7084012.68765983,560842.366813666,0.7,63.8780244407306,-145.761426404429,"514.55",1.1
"281","NEON.PLA.D19.DEJU.00353","DEJU_047.basePlot.vst","DEJU_047",2021-08-25,"multi-bole tree","Live",10.3,145,"noChange",7.9,1.9,1.8,"Partially shaded",NA,"23","PIGL","Picea glauca (Moench) Voss","6N",7084501.39829296,561933.895413431,0.7,63.8822173382141,-145.739015911309,"504.82",1.1
"562","NEON.PLA.D19.DEJU.01000","DEJU_062.basePlot.vst","DEJU_062",2021-08-26,"single bole tree","Live",18.3,130,"noChange",7.9,2.8,2.4,"Partially shaded",NA,"23","PIGL","Picea glauca (Moench) Voss","6N",7084254.46334379,561234.137125072,0.7,63.8801252105821,-145.753357226356,"507.75",1.1
"834","NEON.PLA.D19.DEJU.02960","DEJU_046.basePlot.vst","DEJU_046",2021-08-25,"single bole tree","Live",18.4,140,"noChange",7.9,3.1,2.6,"Partially shaded",NA,"21","PIMA","Picea mariana (Mill.) Britton, Sterns & Poggenb.","6N",7083974.46194211,561219.408740939,0.7,63.8776156056863,-145.75376830225,"512.33",1.1
"182","NEON.PLA.D19.DEJU.00253","DEJU_047.basePlot.vst","DEJU_047",2021-08-24,"single bole tree","Live",14.7,127,"noChange",7.8,2.7,2.3,"Partially shaded",NA,"21","PIMA","Picea mariana (Mill.) Britton, Sterns & Poggenb.","6N",7084491.10694055,561910.526195552,0.77,63.8821291473941,-145.739495712158,"505.16",1.18
"595","NEON.PLA.D19.DEJU.01783","DEJU_053.basePlot.vst","DEJU_053",2021-08-26,"single bole tree","Live",12.4,131,"noChange",7.8,1.9,1.8,"Partially shaded",NA,"21","PIMA","Picea mariana (Mill.) Britton, Sterns & Poggenb.","6N",7084403.57007254,560704.273403639,0.7,63.8815554947975,-145.764082701009,"511.61",1.11
"832","NEON.PLA.D19.DEJU.02958","DEJU_046.basePlot.vst","DEJU_046",2021-08-25,"single bole tree","Live",17.2,130,"noChange",7.8,2.4,2,"Full sun",NA,"21","PIMA","Picea mariana (Mill.) Britton, Sterns & Poggenb.","6N",7083979.97767938,561217.549040218,0.7,63.8776654190629,-145.753803956593,"512.33",1.1
"173","NEON.PLA.D19.DEJU.00244","DEJU_047.basePlot.vst","DEJU_047",2021-08-24,"single bole tree","Live",12.9,138,"noChange",7.7,2.6,1.3,"Full sun",NA,"21","PIGL","Picea glauca (Moench) Voss","6N",7084489.50795632,561906.849746666,0.71,63.88211545297,-145.739571186164,"505.29",1.17
"593","NEON.PLA.D19.DEJU.01780","DEJU_053.basePlot.vst","DEJU_053",2021-08-26,"single bole tree","Live",15.9,132,"noChange",7.7,1.9,1.9,"Partially shaded",NA,"21","PIMA","Picea mariana (Mill.) Britton, Sterns & Poggenb.","6N",7084409.69113939,560705.71286613,0.7,63.881610163328,-145.764050988807,"511.61",1.11
"122","NEON.PLA.D19.DEJU.00202","DEJU_047.basePlot.vst","DEJU_047",2021-08-24,"single bole tree","Live",11.2,133,"noChange",7.6,1.9,1.6,"Partially shaded",NA,"21","PIMA","Picea mariana (Mill.) Britton, Sterns & Poggenb.","6N",7084484.71411219,561906.276080425,0.71,63.8820725442926,-145.739584790274,"505.29",1.17
"186","NEON.PLA.D19.DEJU.00257","DEJU_052.basePlot.vst","DEJU_052",2021-08-23,"single bole tree","Live",13.5,132,"noChange",7.6,2.3,1.9,"Full sun",NA,"23","PIMA","Picea mariana (Mill.) Britton, Sterns & Poggenb.","6N",7084469.64085847,561778.00685982,0.7,63.8819600184648,-145.74220164852,"507.08",1.1
"217","NEON.PLA.D19.DEJU.00289","DEJU_054.basePlot.vst","DEJU_054",2021-08-25,"single bole tree","Live",12.6,135,"noChange",7.6,1.5,1.4,"Partially shaded",NA,"41","PIMA","Picea mariana (Mill.) Britton, Sterns & Poggenb.","6N",7084037.00223004,560858.750542375,0.7,63.8782397389976,-145.761083364752,"514.53",1.1
"488","NEON.PLA.D19.DEJU.00763","DEJU_048.basePlot.vst","DEJU_048",2021-08-25,"single bole tree","Live",14.8,148,"noChange",7.6,1.9,1.4,"Partially shaded",NA,"21","PIMA","Picea mariana (Mill.) Britton, Sterns & Poggenb.","6N",7084368.29562051,561217.505868722,0.7,63.8811494343374,-145.753650461554,"506.65",1.1
"570","NEON.PLA.D19.DEJU.01526","DEJU_053.basePlot.vst","DEJU_053",2021-08-26,"single bole tree","Live",13.5,136,"noChange",7.6,1.8,1.6,"Partially shaded",NA,"21","PIMA","Picea mariana (Mill.) Britton, Sterns & Poggenb.","6N",7084394.40526044,560718.076821601,0.7,63.8814708680623,-145.763805361421,"511.61",1.1
"748","NEON.PLA.D19.DEJU.02712","DEJU_054.basePlot.vst","DEJU_054",2021-08-25,"single bole tree","Live",12.5,135,"noChange",7.6,2.3,1.9,"Partially shaded",NA,"41","PIMA","Picea mariana (Mill.) Britton, Sterns & Poggenb.","6N",7084023.37324517,560843.917670417,0.7,63.8781200425123,-145.761390620757,"514.55",1.1
"824","NEON.PLA.D19.DEJU.02948","DEJU_046.basePlot.vst","DEJU_046",2021-08-25,"single bole tree","Live",16.6,137,"noChange",7.6,2.7,2.3,"Full sun",NA,"21","PIMA","Picea mariana (Mill.) Britton, Sterns & Poggenb.","6N",7083983.19220675,561224.897822641,0.7,63.8776929720965,-145.753653123304,"511.66",1.1
"12","NEON.PLA.D19.DEJU.00013","DEJU_051.basePlot.vst","DEJU_051",2021-08-24,"single bole tree","Live",16.6,129,"noChange",7.5,2,1.7,"Partially shaded",NA,"21","PIMA","Picea mariana (Mill.) Britton, Sterns & Poggenb.","6N",7084035.42003972,561075.211867933,0.7,63.8781877653537,-145.756678682637,"512.28",1.1
"602","NEON.PLA.D19.DEJU.01791","DEJU_053.basePlot.vst","DEJU_053",2021-08-26,"single bole tree","Live",14.3,134,"noChange",7.5,2.3,2.1,"Partially shaded",NA,"21","PIMA","Picea mariana (Mill.) Britton, Sterns & Poggenb.","6N",7084395.64359283,560703.979456527,0.72,63.8814844288608,-145.764091809212,"511.89",1.15
"605","NEON.PLA.D19.DEJU.01794","DEJU_053.basePlot.vst","DEJU_053",2021-08-26,"single bole tree","Live",14.2,136,"branchGrowth",7.5,1.7,1.6,"Partially shaded",NA,"21","PIMA","Picea mariana (Mill.) Britton, Sterns & Poggenb.","6N",7084390.69953164,560705.185150036,0.72,63.8814398607899,-145.764069218018,"511.89",1.15
"773","NEON.PLA.D19.DEJU.02738","DEJU_054.basePlot.vst","DEJU_054",2021-08-25,"single bole tree","Live",13.3,130,"noChange",7.5,2,1.9,"Partially shaded",NA,"41","PIMA","Picea mariana (Mill.) Britton, Sterns & Poggenb.","6N",7084036.42125382,560850.548714706,0.7,63.878235955231,-145.761250513949,"514.11",1.1
"994","NEON.PLA.D19.DEJU.05038","DEJU_053.basePlot.vst","DEJU_053",2021-08-26,"single bole tree","Live",10.6,130,"noChange",7.5,1.5,1.3,"Partially shaded",NA,"39","PIMA","Picea mariana (Mill.) Britton, Sterns & Poggenb.","6N",7084403.35630064,560709.060699864,0.7,63.8815527447561,-145.763985344972,"511.61",1.11
"158","NEON.PLA.D19.DEJU.00232","DEJU_047.basePlot.vst","DEJU_047",2021-08-24,"single bole tree","Live",11.8,135,"noChange",7.4,1.8,1.8,"Partially shaded",NA,"21","PIMA","Picea mariana (Mill.) Britton, Sterns & Poggenb.","6N",7084490.22107935,561914.925817013,0.77,63.8821204195574,-145.739406517806,"505.16",1.18
"897","NEON.PLA.D19.DEJU.04525","DEJU_047.basePlot.vst","DEJU_047",2021-08-24,"single bole tree","Live",10.1,130,"noChange",7.4,1.3,1.2,"Partially shaded",NA,"21","PIMA","Picea mariana (Mill.) Britton, Sterns & Poggenb.","6N",7084483.26724413,561913.112720308,0.77,63.8820583511714,-145.739446218325,"505.16",1.18
"83","NEON.PLA.D19.DEJU.00125","DEJU_051.basePlot.vst","DEJU_051",2021-08-24,"single bole tree","Live",12.5,137,"noChange",7.3,1.9,1.6,"Partially shaded",NA,"39","PIMA","Picea mariana (Mill.) Britton, Sterns & Poggenb.","6N",7084053.63103331,561082.724167987,0.7,63.878349841987,-145.756518573401,"511.87",1.1
"88","NEON.PLA.D19.DEJU.00130","DEJU_051.basePlot.vst","DEJU_051",2021-08-24,"single bole tree","Live",12.5,130,"noChange",7.3,1.8,1.2,"Partially shaded",NA,"39","PIMA","Picea mariana (Mill.) Britton, Sterns & Poggenb.","6N",7084050.82506597,561069.717147984,0.7,63.8783269408206,-145.756784399293,"512.32",1.1
"229","NEON.PLA.D19.DEJU.00301","DEJU_045.basePlot.vst","DEJU_045",2021-08-23,"single bole tree","Live",14.6,130,"noChange",7.3,2.3,1.8,"Open grown",NA,"23","PIMA","Picea mariana (Mill.) Britton, Sterns & Poggenb.","6N",7084330.09166039,561745.884934181,0.7,63.8807136618385,-145.742911424747,"509.31",1.1
"441","NEON.PLA.D19.DEJU.00713","DEJU_053.basePlot.vst","DEJU_053",2021-08-26,"single bole tree","Live",18.4,140,"noChange",7.3,3.2,2.7,"Partially shaded",NA,"41","PIMA","Picea mariana (Mill.) Britton, Sterns & Poggenb.","6N",7084421.34324813,560727.367414886,0.7,63.8817109426606,-145.763605636702,"511.36",1.1
"568","NEON.PLA.D19.DEJU.01524","DEJU_053.basePlot.vst","DEJU_053",2021-08-26,"single bole tree","Live",13,139,"noChange",7.3,1.9,1.9,"Partially shaded",NA,"21","PIMA","Picea mariana (Mill.) Britton, Sterns & Poggenb.","6N",7084390.41160704,560719.560677519,0.7,63.8814347787269,-145.763776734201,"511.61",1.1
"798","NEON.PLA.D19.DEJU.02759","DEJU_054.basePlot.vst","DEJU_054",2021-08-25,"single bole tree","Live",11.8,135,"noChange",7.3,1.8,1.5,"Mostly shaded",NA,"23","PIMA","Picea mariana (Mill.) Britton, Sterns & Poggenb.","6N",7084018.97351312,560843.288240153,0.7,63.8780806774067,-145.761405168781,"514.55",1.1
"440","NEON.PLA.D19.DEJU.00712","DEJU_053.basePlot.vst","DEJU_053",2021-08-26,"single bole tree","Live",10.4,140,"noChange",7.2,2.1,1.3,"Mostly shaded",NA,"41","PIMA","Picea mariana (Mill.) Britton, Sterns & Poggenb.","6N",7084420.43505827,560722.702004967,0.7,63.8817036054371,-145.763700954872,"511.36",1.1
"475","NEON.PLA.D19.DEJU.00749","DEJU_048.basePlot.vst","DEJU_048",2021-08-25,"single bole tree","Live",12.4,140,"noChange",7.2,1.5,1.5,"Partially shaded",NA,"21","PIMA","Picea mariana (Mill.) Britton, Sterns & Poggenb.","6N",7084369.6185113,561223.944116839,0.7,63.8811601749115,-145.753518894227,"506.65",1.1
"566","NEON.PLA.D19.DEJU.01522","DEJU_053.basePlot.vst","DEJU_053",2021-08-26,"single bole tree","Live, physically damaged",12.5,134,"noChange",7.2,1.9,1.6,"Partially shaded",NA,"21","PIMA","Picea mariana (Mill.) Britton, Sterns & Poggenb.","6N",7084390.51147273,560711.98931526,0.72,63.8814369908715,-145.763930801191,"511.89",1.15
"799","NEON.PLA.D19.DEJU.02760","DEJU_054.basePlot.vst","DEJU_054",2021-08-25,"single bole tree","Live",11.6,130,"noChange",7.2,2.2,1.7,"Mostly shaded",NA,"23","PIMA","Picea mariana (Mill.) Britton, Sterns & Poggenb.","6N",7084020.34360382,560845.170734435,0.7,63.878092642085,-145.761366316078,"514.55",1.1
"323","NEON.PLA.D19.DEJU.00394","DEJU_049.basePlot.vst","DEJU_049",2021-08-25,"single bole tree","Live",15.6,124,"noChange",7.1,2.4,2.3,"Full sun",NA,"23","PIMA","Picea mariana (Mill.) Britton, Sterns & Poggenb.","6N",7084345.68497511,561932.281908664,0.7,63.8808205649902,-145.739111389172,"507.58",1.1
"596","NEON.PLA.D19.DEJU.01785","DEJU_053.basePlot.vst","DEJU_053",2021-08-26,"single bole tree","Live",12.4,130,"noChange",7.1,1.9,1.2,"Partially shaded",NA,"21","PIMA","Picea mariana (Mill.) Britton, Sterns & Poggenb.","6N",7084400.9350365,560703.596799023,0.72,63.8815319706315,-145.764097511505,"511.89",1.15
"777","NEON.PLA.D19.DEJU.02742","DEJU_054.basePlot.vst","DEJU_054",2021-08-25,"single bole tree","Live",12.3,133,"noChange",7.1,2.9,1.4,"Mostly shaded",NA,"41","PIMA","Picea mariana (Mill.) Britton, Sterns & Poggenb.","6N",7084026.79367175,560853.944216219,0.7,63.878148984343,-145.761185214646,"515.06",1.1
"1065","NEON.PLA.D19.DEJU.05202","DEJU_048.basePlot.vst","DEJU_048",2021-08-25,"single bole tree","Live",10,136,"noChange",7.1,2,1.8,"Full sun",NA,"39","PIMA","Picea mariana (Mill.) Britton, Sterns & Poggenb.","6N",7084374.11617208,561215.921609759,0.7,63.881201934262,-145.753680392677,"506.65",1.1
"1066","NEON.PLA.D19.DEJU.05202","DEJU_048.basePlot.vst","DEJU_048",2021-08-25,"single bole tree","Live",10,136,"noChange",7.1,2,1.8,"Full sun",NA,"21","PIMA","Picea mariana (Mill.) Britton, Sterns & Poggenb.","6N",7084374.11617208,561215.921609759,0.7,63.881201934262,-145.753680392677,"506.65",1.1
"84","NEON.PLA.D19.DEJU.00126","DEJU_051.basePlot.vst","DEJU_051",2021-08-24,"single bole tree","Live",16.8,131,"noChange",7,2.9,2.3,"Partially shaded",NA,"39","PIMA","Picea mariana (Mill.) Britton, Sterns & Poggenb.","6N",7084050.90882659,561080.551477389,0.7,63.8783257980905,-145.756563870731,"511.87",1.1
"378","NEON.PLA.D19.DEJU.00494","DEJU_052.basePlot.vst","DEJU_052",2021-08-23,"single bole tree","Live",12,134,"noChange",7,2.5,2.1,"Full sun",NA,"21","PIMA","Picea mariana (Mill.) Britton, Sterns & Poggenb.","6N",7084465.68937972,561769.591438535,0.7,63.8819260541588,-145.74237452191,"507.57",1.1
"498","NEON.PLA.D19.DEJU.00775","DEJU_048.basePlot.vst","DEJU_048",2021-08-25,"multi-bole tree","Live",11.5,130,"noChange",7,1.8,1.8,"Partially shaded",NA,"21","PIMA","Picea mariana (Mill.) Britton, Sterns & Poggenb.","6N",7084373.65374775,561231.304698562,0.7,63.8811950889666,-145.753367475339,"506.78",1.1
"548","NEON.PLA.D19.DEJU.00839","DEJU_048.basePlot.vst","DEJU_048",2021-08-25,"single bole tree","Live",11.7,130,"noChange",7,1.7,0.8,"Partially shaded",NA,"39","PIMA","Picea mariana (Mill.) Britton, Sterns & Poggenb.","6N",7084383.83381254,561217.92819644,0.7,63.8812887697025,-145.753635687625,"506.65",1.1
"591","NEON.PLA.D19.DEJU.01775","DEJU_053.basePlot.vst","DEJU_053",2021-08-26,"single bole tree","Live",10.6,135,"noChange",7,1.5,1.3,"Partially shaded",NA,"21","PIMA","Picea mariana (Mill.) Britton, Sterns & Poggenb.","6N",7084399.90076481,560713.445693909,0.7,63.8815209792108,-145.763897455738,"511.36",1.1
"765","NEON.PLA.D19.DEJU.02730","DEJU_054.basePlot.vst","DEJU_054",2021-08-25,"single bole tree","Live",11.2,132,"noChange",7,1.8,1.3,"Partially shaded",NA,"41","PIMA","Picea mariana (Mill.) Britton, Sterns & Poggenb.","6N",7084022.06232068,560848.101827793,0.7,63.878107552005,-145.761305985117,"515.06",1.1
"768","NEON.PLA.D19.DEJU.02733","DEJU_054.basePlot.vst","DEJU_054",2021-08-25,"single bole tree","Live",13.6,132,"noChange",7,3.6,3.1,"Partially shaded",NA,"41","PIMA","Picea mariana (Mill.) Britton, Sterns & Poggenb.","6N",7084023.27344374,560853.309959726,0.7,63.8781175110769,-145.761199513667,"515.06",1.1
"1047","NEON.PLA.D19.DEJU.05120","DEJU_051.basePlot.vst","DEJU_051",2021-08-24,"single bole tree","Live",10.5,130,"noChange",7,2,2,"Full sun",NA,"39","PIMA","Picea mariana (Mill.) Britton, Sterns & Poggenb.","6N",7084058.02266428,561086.133226762,0.7,63.8783886478439,-145.756447451757,"511.87",1.1
"249","NEON.PLA.D19.DEJU.00323","DEJU_047.basePlot.vst","DEJU_047",2021-08-25,"single bole tree","Live",12.6,130,"noChange",6.9,2.3,2.3,"Full sun",NA,"23","PIMA","Picea mariana (Mill.) Britton, Sterns & Poggenb.","6N",7084483.50728386,561929.10482115,0.77,63.8820576696142,-145.739120616803,"505.16",1.18
"5","NEON.PLA.D19.DEJU.00006","DEJU_051.basePlot.vst","DEJU_051",2021-08-24,"single bole tree","Live",10,151,"noChange",6.8,1.7,1.1,"Partially shaded",NA,"21","PIMA","Picea mariana (Mill.) Britton, Sterns & Poggenb.","6N",7084037.18665572,561062.906321161,0.7,63.8782057667723,-145.756928417848,"512.33",1.1
"91","NEON.PLA.D19.DEJU.00133","DEJU_050.basePlot.vst","DEJU_050",2021-08-26,"single bole tree","Live",14.5,130,"noChange",6.8,2.3,1.9,"Open grown",NA,"21","PIGL","Picea glauca (Moench) Voss","6N",7084307.40663874,561017.071046774,0.7,63.8806382065477,-145.757754159992,"509.34",1.1
"102","NEON.PLA.D19.DEJU.00172","DEJU_049.basePlot.vst","DEJU_049",2021-08-25,"single bole tree","Live",11.9,135,"noChange",6.8,2.9,2.6,"Partially shaded",NA,"21","PIMA","Picea mariana (Mill.) Britton, Sterns & Poggenb.","6N",7084334.37605669,561907.293228999,0.7,63.8807235312177,-145.739624536134,"507.62",1.1
"320","NEON.PLA.D19.DEJU.00391","DEJU_049.basePlot.vst","DEJU_049",2021-08-25,"single bole tree","Live",12.5,135,"noChange",6.8,1.6,1.4,"Partially shaded",NA,"23","PIMA","Picea mariana (Mill.) Britton, Sterns & Poggenb.","6N",7084334.29135987,561927.077728913,0.7,63.8807192642099,-145.739221893419,"507.25",1.1
"321","NEON.PLA.D19.DEJU.00392","DEJU_049.basePlot.vst","DEJU_049",2021-08-25,"single bole tree","Live",12.6,124,"noChange",6.8,1.6,1.4,"Partially shaded",NA,"23","PIMA","Picea mariana (Mill.) Britton, Sterns & Poggenb.","6N",7084349.39543447,561924.434414949,0.7,63.8808552465704,-145.739269618618,"507.25",1.1
"494","NEON.PLA.D19.DEJU.00769","DEJU_048.basePlot.vst","DEJU_048",2021-08-25,"single bole tree","Live,  other damage",12,142,"noChange",6.8,1.9,1.3,"Partially shaded",NA,"21","PIMA","Picea mariana (Mill.) Britton, Sterns & Poggenb.","6N",7084375.32593614,561213.687524639,0.7,63.8812131798641,-145.753725383385,"506.65",1.1
"597","NEON.PLA.D19.DEJU.01786","DEJU_053.basePlot.vst","DEJU_053",2021-08-26,"single bole tree","Live",10.9,130,"noChange",6.8,1.1,1,"Partially shaded",NA,"21","PIMA","Picea mariana (Mill.) Britton, Sterns & Poggenb.","6N",7084398.77620264,560708.044006221,0.72,63.8815118284567,-145.764007844635,"511.89",1.15
"379","NEON.PLA.D19.DEJU.00495","DEJU_052.basePlot.vst","DEJU_052",2021-08-23,"single bole tree","Live",11.4,136,"noChange",6.7,2.2,2.2,"Full sun",NA,"21","PIMA","Picea mariana (Mill.) Britton, Sterns & Poggenb.","6N",7084450.78150577,561770.36784791,0.7,63.8817921632939,-145.742364700074,"507.94",1.1
"526","NEON.PLA.D19.DEJU.00816","DEJU_048.basePlot.vst","DEJU_048",2021-08-25,"single bole tree","Live",13.3,140,"noChange",6.7,1.6,1.3,"Full sun",NA,"39","PIMA","Picea mariana (Mill.) Britton, Sterns & Poggenb.","6N",7084387.80384061,561216.419558054,0.7,63.8813246533925,-145.753664815472,"506.65",1.1
"571","NEON.PLA.D19.DEJU.01527","DEJU_053.basePlot.vst","DEJU_053",2021-08-26,"single bole tree","Live",12.9,120,"noChange",6.7,1.6,1.6,"Partially shaded",NA,"21","PIMA","Picea mariana (Mill.) Britton, Sterns & Poggenb.","6N",7084393.2833876,560720.199118979,0.7,63.8814604335854,-145.76376260689,"511.61",1.1
"771","NEON.PLA.D19.DEJU.02736","DEJU_054.basePlot.vst","DEJU_054",2021-08-25,"single bole tree","Live",14.1,128,"noChange",6.7,4.5,3.7,"Full sun",NA,"41","POTR5","Populus tremuloides Michx.","6N",7084030.639539,560860.586814718,0.7,63.8781823325386,-145.761048508292,"515.06",1.1
"774","NEON.PLA.D19.DEJU.02739","DEJU_054.basePlot.vst","DEJU_054",2021-08-25,"single bole tree","Live",10.8,144,"noChange",6.7,1.8,1.7,"Partially shaded",NA,"41","PIMA","Picea mariana (Mill.) Britton, Sterns & Poggenb.","6N",7084028.44542262,560850.416381381,0.7,63.8781644185158,-145.761256358565,"514.55",1.1
"802","NEON.PLA.D19.DEJU.02777","DEJU_055.basePlot.vst","DEJU_055",2021-08-26,"single bole tree","Live",18.2,140,"noChange",6.7,3.5,3.2,"Partially shaded",NA,"41","PIGL","Picea glauca (Moench) Voss","6N",7083827.93692096,561127.972999922,0.7,63.8763169861639,-145.755687266721,"516.48",1.11
"22","NEON.PLA.D19.DEJU.00023","DEJU_050.basePlot.vst","DEJU_050",2021-08-26,"single bole tree","Live",12.6,140,"noChange",6.6,2.1,2,"Full sun",NA,"23","PIMA","Picea mariana (Mill.) Britton, Sterns & Poggenb.","6N",7084312.17043488,561029.204019053,0.7,63.8806788279203,-145.757505326702,"509.34",1.1
"251","NEON.PLA.D19.DEJU.00325","DEJU_047.basePlot.vst","DEJU_047",2021-08-25,"single bole tree","Live",12.3,133,"branchGrowth",6.6,2.4,2.2,"Partially shaded",NA,"23","PIMA","Picea mariana (Mill.) Britton, Sterns & Poggenb.","6N",7084483.8121298,561923.785177766,0.77,63.8820613478762,-145.739228770791,"505.16",1.18
"535","NEON.PLA.D19.DEJU.00826","DEJU_048.basePlot.vst","DEJU_048",2021-08-25,"single bole tree","Live",11.6,130,"noChange",6.6,1.6,1.5,"Partially shaded",NA,"39","PIMA","Picea mariana (Mill.) Britton, Sterns & Poggenb.","6N",7084397.0219792,561231.803941844,0.72,63.8814046622855,-145.753348020464,"506.13",1.11
"896","NEON.PLA.D19.DEJU.04524","DEJU_048.basePlot.vst","DEJU_048",2021-08-25,"single bole tree","Live",10.2,130,"noChange",6.6,1.5,0.7,"Partially shaded",NA,"21","PIMA","Picea mariana (Mill.) Britton, Sterns & Poggenb.","6N",7084366.94264381,561223.211851665,0.8,63.8811362952579,-145.753534862461,"506.96",1.1
"1053","NEON.PLA.D19.DEJU.05126","DEJU_054.basePlot.vst","DEJU_054",2021-08-25,"single bole tree","Live",10,137,"noChange",6.6,2,1.9,"Partially shaded",NA,"39","PIMA","Picea mariana (Mill.) Britton, Sterns & Poggenb.","6N",7084036.98142539,560844.984309561,0.7,63.8782419503686,-145.761363536711,"514.11",1.1
"1054","NEON.PLA.D19.DEJU.05127","DEJU_054.basePlot.vst","DEJU_054",2021-08-25,"single bole tree","Live",10.7,130,"noChange",6.6,1.8,1.5,"Partially shaded",NA,"39","PIMA","Picea mariana (Mill.) Britton, Sterns & Poggenb.","6N",7084037.9048672,560843.102705072,0.7,63.8782505632866,-145.761401465392,"514.11",1.1
"1060","NEON.PLA.D19.DEJU.05133","DEJU_054.basePlot.vst","DEJU_054",2021-08-25,"single bole tree","Live",10,127,"noChange",6.6,1.5,1.4,"Partially shaded",NA,"39","PIMA","Picea mariana (Mill.) Britton, Sterns & Poggenb.","6N",7084031.9122301,560845.728161362,0.7,63.8781963395972,-145.761350400999,"514.11",1.1
"439","NEON.PLA.D19.DEJU.00711","DEJU_053.basePlot.vst","DEJU_053",2021-08-26,"single bole tree","Live",14.5,138,"noChange",6.5,2.1,1.7,"Mostly shaded",NA,"41","PIMA","Picea mariana (Mill.) Britton, Sterns & Poggenb.","6N",7084417.82312397,560722.869207906,0.7,63.8816801418841,-145.763698581774,"511.36",1.1
"547","NEON.PLA.D19.DEJU.00838","DEJU_048.basePlot.vst","DEJU_048",2021-08-25,"single bole tree","Live",11.7,130,"deformityGrowth",6.5,1.9,1.8,"Full sun",NA,"39","PIMA","Picea mariana (Mill.) Britton, Sterns & Poggenb.","6N",7084380.25739039,561219.114505416,0.7,63.8812564739524,-145.753612963925,"506.65",1.1
"2","NEON.PLA.D19.DEJU.00003","DEJU_051.basePlot.vst","DEJU_051",2021-08-24,"single bole tree","Live",12.7,150,"noChange",6.4,1.9,1.7,"Partially shaded",NA,"21","PIMA","Picea mariana (Mill.) Britton, Sterns & Poggenb.","6N",7084045.10178837,561066.419333679,0.7,63.8782761677345,-145.756853784357,"512.13",1.1
"23","NEON.PLA.D19.DEJU.00024","DEJU_050.basePlot.vst","DEJU_050",2021-08-26,"single bole tree","Live",12,134,"noChange",6.4,1.8,1.5,"Partially shaded",NA,"23","PIMA","Picea mariana (Mill.) Britton, Sterns & Poggenb.","6N",7084308.38985909,561024.448443713,0.7,63.8806457392401,-145.757603616493,"509.34",1.1
"82","NEON.PLA.D19.DEJU.00124","DEJU_051.basePlot.vst","DEJU_051",2021-08-24,"single bole tree","Live",11.6,132,"noChange",6.4,1.7,1.6,"Partially shaded",NA,"39","PIMA","Picea mariana (Mill.) Britton, Sterns & Poggenb.","6N",7084060.97509728,561077.692835483,0.7,63.8784166131068,-145.756618056188,"511.87",1.1
"328","NEON.PLA.D19.DEJU.00412","DEJU_045.basePlot.vst","DEJU_045",2021-08-23,"single bole tree","Live",12.1,130,"noChange",6.4,1.8,1.4,"Mostly shaded",NA,"39","PIMA","Picea mariana (Mill.) Britton, Sterns & Poggenb.","6N",7084367.43055123,561730.238844626,0.7,63.8810514322834,-145.743214902286,"508.73",1.1
"448","NEON.PLA.D19.DEJU.00721","DEJU_053.basePlot.vst","DEJU_053",2021-08-26,"single bole tree","Live",14.4,130,"noChange",6.4,2.9,1.7,"Partially shaded",NA,"41","PIMA","Picea mariana (Mill.) Britton, Sterns & Poggenb.","6N",7084413.85090575,560725.133938932,0.7,63.8816441090845,-145.763654052096,"511.36",1.1
"693","NEON.PLA.D19.DEJU.02158","DEJU_046.basePlot.vst","DEJU_046",2021-08-25,"single bole tree","Live",10.9,127,"noChange",6.4,2,1.9,"Full sun",NA,"21","PIMA","Picea mariana (Mill.) Britton, Sterns & Poggenb.","6N",7083988.24201719,561229.398347436,0.7,63.8777374904605,-145.753559525198,"511.66",1.1
"809","NEON.PLA.D19.DEJU.02927","DEJU_046.basePlot.vst","DEJU_046",2021-08-25,"single bole tree","Live",12.8,133,"noChange",6.4,3,2.5,"Full sun",NA,"23","PIMA","Picea mariana (Mill.) Britton, Sterns & Poggenb.","6N",7083978.98270329,561245.855366734,0.7,63.8776515305695,-145.753228289063,"512.99",1.1
"14","NEON.PLA.D19.DEJU.00015","DEJU_051.basePlot.vst","DEJU_051",2021-08-24,"single bole tree","Live, physically damaged",10.8,132,"noChange",6.3,1.3,1.3,"Full sun",NA,"21","PIMA","Picea mariana (Mill.) Britton, Sterns & Poggenb.","6N",7084040.57390283,561082.616888134,0.7,63.878232711385,-145.756525935605,"512.28",1.1
"17","NEON.PLA.D19.DEJU.00018","DEJU_051.basePlot.vst","DEJU_051",2021-08-24,"single bole tree","Live",10.7,132,"noChange",6.3,2,1.4,"Partially shaded",NA,"21","PIMA","Picea mariana (Mill.) Britton, Sterns & Poggenb.","6N",7084038.65243485,561070.414965505,0.7,63.8782176052369,-145.756775024726,"512.33",1.1
"491","NEON.PLA.D19.DEJU.00766","DEJU_048.basePlot.vst","DEJU_048",2021-08-25,"single bole tree","Live",11.6,135,"noChange",6.3,1.2,0.9,"Partially shaded",NA,"21","PIMA","Picea mariana (Mill.) Britton, Sterns & Poggenb.","6N",7084369.59712654,561215.058757826,0.7,63.8811615403968,-145.753699751526,"506.65",1.1
"505","NEON.PLA.D19.DEJU.00784","DEJU_048.basePlot.vst","DEJU_048",2021-08-25,"single bole tree","Live",12.5,130,"noChange",6.3,2.5,1.6,"Partially shaded",NA,"21","PIMA","Picea mariana (Mill.) Britton, Sterns & Poggenb.","6N",7084378.60035876,561231.206922223,0.7,63.8812394873279,-145.753367498218,"506.78",1.1
"565","NEON.PLA.D19.DEJU.01521","DEJU_053.basePlot.vst","DEJU_053",2021-08-26,"single bole tree","Live",10.8,130,"noChange",6.3,1.7,1.4,"Partially shaded",NA,"21","PIMA","Picea mariana (Mill.) Britton, Sterns & Poggenb.","6N",7084393.131991,560711.304921853,0.72,63.8814606213358,-145.763943697906,"511.89",1.15
"583","NEON.PLA.D19.DEJU.01540","DEJU_053.basePlot.vst","DEJU_053",2021-08-26,"single bole tree","Live",10.3,135,"noChange",6.3,1.8,1.3,"Partially shaded",NA,"21","PIMA","Picea mariana (Mill.) Britton, Sterns & Poggenb.","6N",7084404.00421848,560715.640639879,0.7,63.881557414185,-145.763851161795,"511.36",1.1
"794","NEON.PLA.D19.DEJU.02755","DEJU_054.basePlot.vst","DEJU_054",2021-08-25,"single bole tree","Live, physically damaged",10.4,130,"branchGrowth",6.3,3.9,3.6,"Partially shaded",NA,"23","POTR5","Populus tremuloides Michx.","6N",7084016.28782059,560847.207765321,0.7,63.8780558984779,-145.761326462055,"515.22",1.1
"4","NEON.PLA.D19.DEJU.00005","DEJU_051.basePlot.vst","DEJU_051",2021-08-24,"single bole tree","Live, physically damaged",14.2,137,"noChange",6.2,2,1.8,"Partially shaded",NA,"21","PIMA","Picea mariana (Mill.) Britton, Sterns & Poggenb.","6N",7084041.44537268,561063.568572605,0.7,63.8782438604808,-145.756913251452,"512.13",1.1
"16","NEON.PLA.D19.DEJU.00017","DEJU_051.basePlot.vst","DEJU_051",2021-08-24,"single bole tree","Live,  other damage",10.5,144,"noChange",6.2,1.8,1.5,"Partially shaded",NA,"21","PIMA","Picea mariana (Mill.) Britton, Sterns & Poggenb.","6N",7084040.77400877,561073.908744578,0.7,63.8782360293202,-145.756703079835,"511.87",1.1
"128","NEON.PLA.D19.DEJU.00207","DEJU_047.basePlot.vst","DEJU_047",2021-08-24,"single bole tree","Live",11.1,127,"noChange",6.2,1.4,1.4,"Full sun",NA,"21","PIMA","Picea mariana (Mill.) Britton, Sterns & Poggenb.","6N",7084501.99598387,561904.103536018,0.75,63.8822279822681,-145.73962206163,"504.95",1.11
"218","NEON.PLA.D19.DEJU.00290","DEJU_054.basePlot.vst","DEJU_054",2021-08-25,"single bole tree","Live",12,135,"noChange",6.2,2,1.8,"Partially shaded",NA,"41","PIMA","Picea mariana (Mill.) Britton, Sterns & Poggenb.","6N",7084039.80416634,560861.605299211,0.7,63.8782643808246,-145.761024158806,"514.53",1.1
"287","NEON.PLA.D19.DEJU.00358","DEJU_047.basePlot.vst","DEJU_047",2021-08-25,"single bole tree","Live",11.5,130,"noChange",6.2,1.7,1.4,"Partially shaded",NA,"23","PIGL","Picea glauca (Moench) Voss","6N",7084500.44000407,561940.949670226,0.7,63.8822074894842,-145.738872712949,"504.82",1.1
"532","NEON.PLA.D19.DEJU.00822","DEJU_048.basePlot.vst","DEJU_048",2021-08-25,"single bole tree","Live",10.3,130,"noChange",6.2,1.9,1.6,"Full sun",NA,"39","PIMA","Picea mariana (Mill.) Britton, Sterns & Poggenb.","6N",7084390.34543216,561221.091824173,0.72,63.8813466377587,-145.753568707004,"506.13",1.11
"533","NEON.PLA.D19.DEJU.00823","DEJU_048.basePlot.vst","DEJU_048",2021-08-25,"single bole tree","Live",10.7,130,"noChange",6.2,2.3,1.8,"Partially shaded",NA,"39","PIMA","Picea mariana (Mill.) Britton, Sterns & Poggenb.","6N",7084390.8526105,561222.753460523,0.72,63.8813508969348,-145.753534684872,"506.13",1.11
"569","NEON.PLA.D19.DEJU.01525","DEJU_053.basePlot.vst","DEJU_053",2021-08-26,"single bole tree","Live",15.5,140,"noChange",6.2,2.5,2.3,"Full sun",NA,"21","PIMA","Picea mariana (Mill.) Britton, Sterns & Poggenb.","6N",7084391.94435532,560722.378437736,0.7,63.8814480408106,-145.763718777432,"511.61",1.1
"889","NEON.PLA.D19.DEJU.04517","DEJU_047.basePlot.vst","DEJU_047",2021-08-24,"single bole tree","Live",10.2,130,"noChange",6.2,1.8,1.7,"Partially shaded",NA,"21","PIMA","Picea mariana (Mill.) Britton, Sterns & Poggenb.","6N",7084501.15783059,561916.032032247,0.84,63.8822183479528,-145.739379603308,"505.19",1.29
"895","NEON.PLA.D19.DEJU.04523","DEJU_048.basePlot.vst","DEJU_048",2021-08-25,"single bole tree","Live",10.5,130,"noChange",6.2,2,1.8,"Partially shaded",NA,"21","PIMA","Picea mariana (Mill.) Britton, Sterns & Poggenb.","6N",7084378.18432604,561229.020844247,0.7,63.8812361378881,-145.753412158282,"506.78",1.1
"1071","NEON.PLA.D19.DEJU.05208","DEJU_053.basePlot.vst","DEJU_053",2021-08-26,"single bole tree","Live",10.6,130,"noChange",6.2,1.5,1.5,"Full sun",NA,"41","PIMA","Picea mariana (Mill.) Britton, Sterns & Poggenb.","6N",7084416.27226893,560742.808427678,0.7,63.881662760414,-145.763293350304,"511.12",1.1
"24","NEON.PLA.D19.DEJU.00025","DEJU_050.basePlot.vst","DEJU_050",2021-08-26,"single bole tree","Live",12.2,140,"noChange",6.1,1.7,1.4,"Full sun",NA,"23","PIMA","Picea mariana (Mill.) Britton, Sterns & Poggenb.","6N",7084315.16757249,561032.521001096,0.7,63.8807051388508,-145.757436627311,"509.11",1.1
"81","NEON.PLA.D19.DEJU.00123","DEJU_051.basePlot.vst","DEJU_051",2021-08-24,"single bole tree","Live, disease damaged",13.3,128,"noChange",6.1,2.1,1.9,"Full sun",NA,"39","PIMA","Picea mariana (Mill.) Britton, Sterns & Poggenb.","6N",7084062.90698324,561081.352924716,0.7,63.8784333061383,-145.756542801239,"511.87",1.1
"417","NEON.PLA.D19.DEJU.00688","DEJU_045.basePlot.vst","DEJU_045",2021-08-23,"single bole tree","Live",10.9,130,"noChange",6.1,1.7,1.5,"Partially shaded",NA,"39","PIMA","Picea mariana (Mill.) Britton, Sterns & Poggenb.","6N",7084351.31527295,561724.144740706,0.79,63.8809079227917,-145.743345398467,"509.22",1.12
"579","NEON.PLA.D19.DEJU.01535","DEJU_053.basePlot.vst","DEJU_053",2021-08-26,"single bole tree","Live",12.4,140,"noChange",6.1,1.7,1.6,"Full sun",NA,"21","PIMA","Picea mariana (Mill.) Britton, Sterns & Poggenb.","6N",7084402.16139923,560719.372116302,0.7,63.8815402315917,-145.763775938323,"511.36",1.1
"584","NEON.PLA.D19.DEJU.01541","DEJU_053.basePlot.vst","DEJU_053",2021-08-26,"single bole tree","Live",10.5,135,"noChange",6.1,1.5,1.3,"Partially shaded",NA,"21","PIMA","Picea mariana (Mill.) Britton, Sterns & Poggenb.","6N",7084406.6257313,560716.247063708,0.7,63.8815808291937,-145.763837784869,"511.36",1.1
"792","NEON.PLA.D19.DEJU.02753","DEJU_054.basePlot.vst","DEJU_054",2021-08-25,"single bole tree","Live",12.3,130,"noChange",6.1,2.7,2.6,"Mostly shaded",NA,"23","PIMA","Picea mariana (Mill.) Britton, Sterns & Poggenb.","6N",7084017.8202929,560855.021655332,0.7,63.8780682868107,-145.761166833024,"515.22",1.1
"822","NEON.PLA.D19.DEJU.02946","DEJU_046.basePlot.vst","DEJU_046",2021-08-25,"single bole tree","Live",12.5,133,"noChange",6.1,2.6,2,"Full sun",NA,"21","PIMA","Picea mariana (Mill.) Britton, Sterns & Poggenb.","6N",7083975.56686891,561229.111150682,0.7,63.8776238187228,-145.753570409163,"512.95",1.1
"958","NEON.PLA.D19.DEJU.05003","DEJU_045.basePlot.vst","DEJU_045",2021-08-23,"single bole tree","Live",10.8,130,"noChange",6.1,2,1.7,"Full sun",NA,"39","PIMA","Picea mariana (Mill.) Britton, Sterns & Poggenb.","6N",7084361.56860156,561726.501184909,0.7,63.8809994993504,-145.743293326481,"508.73",1.1
"1045","NEON.PLA.D19.DEJU.05118","DEJU_051.basePlot.vst","DEJU_051",2021-08-24,"single bole tree","Live",10.6,130,"noChange",6.1,1.4,1.3,"Partially shaded",NA,"21","PIMA","Picea mariana (Mill.) Britton, Sterns & Poggenb.","6N",7084048.1619111,561066.215020399,0.7,63.8783036590594,-145.756856729021,"512.13",1.1
"7","NEON.PLA.D19.DEJU.00008","DEJU_051.basePlot.vst","DEJU_051",2021-08-24,"single bole tree","Live",11,136,"noChange",6,1.3,1.3,"Partially shaded",NA,"21","PIMA","Picea mariana (Mill.) Britton, Sterns & Poggenb.","6N",7084032.34950331,561066.796168371,0.7,63.8781616875748,-145.756851171843,"512.33",1.1
"8","NEON.PLA.D19.DEJU.00009","DEJU_051.basePlot.vst","DEJU_051",2021-08-24,"single bole tree","Live",11.9,128,"noChange",6,1.6,1.5,"Partially shaded",NA,"21","PIMA","Picea mariana (Mill.) Britton, Sterns & Poggenb.","6N",7084030.85594451,561066.271299414,0.7,63.878148379026,-145.756862445906,"512.33",1.1
"322","NEON.PLA.D19.DEJU.00393","DEJU_049.basePlot.vst","DEJU_049",2021-08-25,"single bole tree","Live",12.7,132,"noChange",6,2.1,2,"Partially shaded",NA,"23","PIMA","Picea mariana (Mill.) Britton, Sterns & Poggenb.","6N",7084346.87408421,561927.840740379,0.7,63.880832021107,-145.739201302957,"507.25",1.1
"578","NEON.PLA.D19.DEJU.01534","DEJU_053.basePlot.vst","DEJU_053",2021-08-26,"single bole tree","Live",10.9,140,"noChange",6,1.6,1.4,"Full sun",NA,"21","PIMA","Picea mariana (Mill.) Britton, Sterns & Poggenb.","6N",7084403.82081346,560720.800224083,0.7,63.8815548717211,-145.763746216274,"511.36",1.1
"634","NEON.PLA.D19.DEJU.02078","DEJU_048.basePlot.vst","DEJU_048",2021-08-25,"single bole tree","Live",11.3,130,"noChange",6,1.6,1.4,"Partially shaded",NA,"39","PIMA","Picea mariana (Mill.) Britton, Sterns & Poggenb.","6N",7084397.03305347,561218.338351681,0.7,63.8814071220188,-145.753622091296,"506.24",1.1
"827","NEON.PLA.D19.DEJU.02952","DEJU_046.basePlot.vst","DEJU_046",2021-08-25,"single bole tree","Live",14.2,130,"noChange",6,2.3,2,"Full sun",NA,"21","PIMA","Picea mariana (Mill.) Britton, Sterns & Poggenb.","6N",7083989.99695723,561228.144925226,0.7,63.8777534555613,-145.753584336017,"511.66",1.1
"894","NEON.PLA.D19.DEJU.04522","DEJU_048.basePlot.vst","DEJU_048",2021-08-25,"single bole tree","Live",10,130,"noChange",6,1.4,1,"Partially shaded",NA,"21","PIMA","Picea mariana (Mill.) Britton, Sterns & Poggenb.","6N",7084367.9040254,561229.911507246,0.7,63.8811437464248,-145.753398118345,"506.78",1.1
"903","NEON.PLA.D19.DEJU.04530","DEJU_050.basePlot.vst","DEJU_050",2021-08-26,"single bole tree","Live",10.4,130,"noChange",6,1.6,1.3,"Full sun",NA,"23","PIMA","Picea mariana (Mill.) Britton, Sterns & Poggenb.","6N",7084311.22709995,561033.030711072,0.7,63.8806696956302,-145.757427814997,"508.86",1.1
"987","NEON.PLA.D19.DEJU.05031","DEJU_053.basePlot.vst","DEJU_053",2021-08-26,"single bole tree","Live",10.1,125,"noChange",6,1.6,1.4,"Partially shaded",NA,"21","PIMA","Picea mariana (Mill.) Britton, Sterns & Poggenb.","6N",7084407.05845063,560709.913344158,0.7,63.881585812545,-145.763966530488,"511.61",1.11
"1026","NEON.PLA.D19.DEJU.05101","DEJU_052.basePlot.vst","DEJU_052",2021-08-23,"single bole tree","Live",10.8,130,"noChange",6,2.9,2.1,"Full sun",NA,"21","PIMA","Picea mariana (Mill.) Britton, Sterns & Poggenb.","6N",7084456.14861721,561757.362273221,0.73,63.881842616901,-145.742627261913,"508.2",1.11
"13","NEON.PLA.D19.DEJU.00014","DEJU_051.basePlot.vst","DEJU_051",2021-08-24,"single bole tree","Live,  other damage",10.6,137,"noChange",5.9,1.3,1.1,"Partially shaded",NA,"21","PIMA","Picea mariana (Mill.) Britton, Sterns & Poggenb.","6N",7084033.78138559,561078.548557305,0.7,63.8781724798616,-145.756611426085,"512.28",1.1
"90","NEON.PLA.D19.DEJU.00132","DEJU_050.basePlot.vst","DEJU_050",2021-08-26,"single bole tree","Live",10.5,130,"noChange",5.9,1.4,1.3,"Mostly shaded",NA,"21","PIMA","Picea mariana (Mill.) Britton, Sterns & Poggenb.","6N",7084313.42227383,561011.747971024,0.7,63.8806931090342,-145.757860118076,"509.34",1.1
"115","NEON.PLA.D19.DEJU.00194","DEJU_049.basePlot.vst","DEJU_049",2021-08-25,"single bole tree","Live",10.5,127,"noChange",5.9,4.1,3.9,"Partially shaded",NA,"21","POTR5","Populus tremuloides Michx.","6N",7084345.67707595,561904.94091621,0.71,63.8808253408651,-145.739667869504,"507.17",1.13
"1","NEON.PLA.D19.DEJU.00001","DEJU_051.basePlot.vst","DEJU_051",2021-08-24,"single bole tree","Live",12.2,138,"noChange",5.8,1.6,1.3,"Partially shaded",NA,"21","PIMA","Picea mariana (Mill.) Britton, Sterns & Poggenb.","6N",7084046.49239564,561062.795611078,0.7,63.8782892777966,-145.756926981205,"512.13",1.1
"586","NEON.PLA.D19.DEJU.01551","DEJU_058.basePlot.vst","DEJU_058",2021-08-26,"single bole tree","Live",17.7,130,"noChange",5.8,2.4,2.3,"Partially shaded",NA,"21","PIGL","Picea glauca (Moench) Voss","6N",7083887.65313054,560947.642269814,0.84,63.8768842706397,-145.759333386881,"515.12",1.26
"833","NEON.PLA.D19.DEJU.02959","DEJU_046.basePlot.vst","DEJU_046",2021-08-25,"single bole tree","Live",14.1,132,"noChange",5.8,2.4,2.3,"Full sun",NA,"21","PIMA","Picea mariana (Mill.) Britton, Sterns & Poggenb.","6N",7083977.06519284,561217.396381454,0.7,63.8776393148347,-145.753808221037,"512.33",1.1
"10","NEON.PLA.D19.DEJU.00011","DEJU_051.basePlot.vst","DEJU_051",2021-08-24,"single bole tree","Live",12.4,136,"noChange",5.7,2.3,2.1,"Full sun",NA,"21","PIMA","Picea mariana (Mill.) Britton, Sterns & Poggenb.","6N",7084033.03111665,561074.843594757,0.7,63.8781663961775,-145.756687124926,"512.28",1.1
"86","NEON.PLA.D19.DEJU.00128","DEJU_051.basePlot.vst","DEJU_051",2021-08-24,"single bole tree","Live",10.2,132,"noChange",5.7,1.4,1.2,"Partially shaded",NA,"39","PIMA","Picea mariana (Mill.) Britton, Sterns & Poggenb.","6N",7084054.25510629,561075.281712364,0.7,63.8783567425038,-145.756669791498,"512.32",1.1
"329","NEON.PLA.D19.DEJU.00413","DEJU_045.basePlot.vst","DEJU_045",2021-08-23,"single bole tree","Live",12.2,135,"noChange",5.7,1.9,1.9,"Partially shaded",NA,"39","PIMA","Picea mariana (Mill.) Britton, Sterns & Poggenb.","6N",7084365.67566545,561722.131179079,0.7,63.881037120224,-145.743380624443,"508.73",1.1
"819","NEON.PLA.D19.DEJU.02943","DEJU_046.basePlot.vst","DEJU_046",2021-08-25,"single bole tree","Live",10.2,130,"noChange",5.7,1.3,1.1,"Partially shaded",NA,"23","PIGL","Picea glauca (Moench) Voss","6N",7083971.28633393,561251.83663473,0.7,63.8775814296767,-145.753109625029,"513.69",1.1
"934","NEON.PLA.D19.DEJU.04697","DEJU_049.basePlot.vst","DEJU_049",2021-08-25,"single bole tree","Live",11.3,140,"noChange",5.7,2.6,2.6,"Full sun",NA,"23","PIGL","Picea glauca (Moench) Voss","6N",7084336.33719879,561942.997848763,0.7,63.88073479657,-145.738897045979,"508.14",1.1
"289","NEON.PLA.D19.DEJU.00361","DEJU_047.basePlot.vst","DEJU_047",2021-08-24,"single bole tree","Live",12.1,130,"noChange",5.6,2,1.9,"Partially shaded",NA,"23","PIMA","Picea mariana (Mill.) Britton, Sterns & Poggenb.","6N",7084503.35512978,561940.932161069,0.7,63.8822336470823,-145.738871896485,"504.82",1.1
"485","NEON.PLA.D19.DEJU.00759","DEJU_048.basePlot.vst","DEJU_048",2021-08-25,"single bole tree","Live",11,130,"noChange",5.6,1.5,1.2,"Partially shaded",NA,"21","PIMA","Picea mariana (Mill.) Britton, Sterns & Poggenb.","6N",7084371.57374441,561230.441185942,0.7,63.8811765784586,-145.753385878111,"506.9",1.11
"486","NEON.PLA.D19.DEJU.00760","DEJU_048.basePlot.vst","DEJU_048",2021-08-25,"single bole tree","Live",12.1,140,"noChange",5.6,2.1,1,"Partially shaded",NA,"21","PIMA","Picea mariana (Mill.) Britton, Sterns & Poggenb.","6N",7084373.51448573,561222.694281941,0.7,63.8811953488492,-145.753542783658,"506.65",1.1
"529","NEON.PLA.D19.DEJU.00819","DEJU_048.basePlot.vst","DEJU_048",2021-08-25,"single bole tree","Live",11.3,120,"noChange",5.6,2.3,1.7,"Partially shaded",NA,"39","PIMA","Picea mariana (Mill.) Britton, Sterns & Poggenb.","6N",7084390.48027626,561214.488780248,0.7,63.8813490048889,-145.753703049815,"506.24",1.1
"542","NEON.PLA.D19.DEJU.00833","DEJU_048.basePlot.vst","DEJU_048",2021-08-25,"single bole tree","Live",10,140,"noChange",5.6,1.5,1.3,"Full sun",NA,"39","PIMA","Picea mariana (Mill.) Britton, Sterns & Poggenb.","6N",7084382.62360874,561230.841584852,0.7,63.8812756481563,-145.753373334154,"506.78",1.1
"563","NEON.PLA.D19.DEJU.01518","DEJU_053.basePlot.vst","DEJU_053",2021-08-26,"single bole tree","Live, disease damaged",15,136,"noChange",5.6,2.6,1.8,"Partially shaded",NA,"21","PIMA","Picea mariana (Mill.) Britton, Sterns & Poggenb.","6N",7084396.62739992,560713.357772189,0.72,63.8814916255983,-145.763900536097,"511.89",1.15
"769","NEON.PLA.D19.DEJU.02734","DEJU_054.basePlot.vst","DEJU_054",2021-08-25,"single bole tree","Live,  other damage",11.9,130,"noChange",5.6,3,2.3,"Full sun",NA,"41","POTR5","Populus tremuloides Michx.","6N",7084024.54513974,560858.307197268,0.7,63.8781280502762,-145.761097310208,"515.06",1.1
"801","NEON.PLA.D19.DEJU.02762","DEJU_054.basePlot.vst","DEJU_054",2021-08-25,"single bole tree","Standing dead",10.7,140,"noChange",5.6,2,1.9,"Mostly shaded",NA,"23","POTR5","Populus tremuloides Michx.","6N",7084011.47728373,560845.130830319,0.7,63.8780130997294,-145.761370631122,"515.17",1.1
"828","NEON.PLA.D19.DEJU.02954","DEJU_046.basePlot.vst","DEJU_046",2021-08-25,"single bole tree","Live, physically damaged",12.4,137,"noChange",5.6,2.4,2.1,"Partially shaded",NA,"21","PIMA","Picea mariana (Mill.) Britton, Sterns & Poggenb.","6N",7083990.19535487,561216.195381144,0.7,63.8777573297874,-145.753827443625,"511.9",1.1
"976","NEON.PLA.D19.DEJU.05019","DEJU_047.basePlot.vst","DEJU_047",2021-08-25,"single bole tree","Live",10,133,"noChange",5.6,1.8,1.5,"Partially shaded",NA,"23","PIMA","Picea mariana (Mill.) Britton, Sterns & Poggenb.","6N",7084497.26985878,561942.191963598,0.7,63.8821788266403,-145.738848702517,"504.82",1.1
"18","NEON.PLA.D19.DEJU.00019","DEJU_051.basePlot.vst","DEJU_051",2021-08-24,"single bole tree","Live",10.8,132,"noChange",5.5,1.2,1,"Mostly shaded",NA,"21","PIMA","Picea mariana (Mill.) Britton, Sterns & Poggenb.","6N",7084046.28496377,561074.771919616,0.7,63.8782853230315,-145.756683327404,"511.87",1.1
"27","NEON.PLA.D19.DEJU.00028","DEJU_050.basePlot.vst","DEJU_050",2021-08-26,"single bole tree","Live",13.3,140,"noChange",5.5,1.9,1.8,"Full sun",NA,"23","PIMA","Picea mariana (Mill.) Britton, Sterns & Poggenb.","6N",7084304.2253967,561039.625444127,0.7,63.8806057235437,-145.75729636645,"508.86",1.1
"89","NEON.PLA.D19.DEJU.00131","DEJU_051.basePlot.vst","DEJU_051",2021-08-24,"single bole tree","Live",10.9,138,"noChange",5.5,2,1.7,"Full sun",NA,"39","PIMA","Picea mariana (Mill.) Britton, Sterns & Poggenb.","6N",7084055.15550169,561065.570947443,0.7,63.8783665185733,-145.756867063765,"512.32",1.1
"319","NEON.PLA.D19.DEJU.00390","DEJU_049.basePlot.vst","DEJU_049",2021-08-25,"single bole tree","Live",12,145,"noChange",5.5,2.9,2.8,"Partially shaded",NA,"23","PIMA","Picea mariana (Mill.) Britton, Sterns & Poggenb.","6N",7084335.70429599,561923.499992666,0.7,63.8807325753621,-145.739294143348,"507.25",1.1
"543","NEON.PLA.D19.DEJU.00834","DEJU_048.basePlot.vst","DEJU_048",2021-08-25,"single bole tree","Live",11.3,130,"noChange",5.5,1.7,1.4,"Partially shaded",NA,"39","PIMA","Picea mariana (Mill.) Britton, Sterns & Poggenb.","6N",7084382.16258842,561229.087942392,0.7,63.8812718192786,-145.753409210523,"506.78",1.1
"913","NEON.PLA.D19.DEJU.04686","DEJU_046.basePlot.vst","DEJU_046",2021-08-25,"single bole tree","Live",10.4,130,"noChange",5.5,1.7,1.7,"Full sun",NA,"23","PIMA","Picea mariana (Mill.) Britton, Sterns & Poggenb.","6N",7083988.74096409,561241.057766644,0.7,63.8777399232558,-145.753322044865,"512.99",1.1
"25","NEON.PLA.D19.DEJU.00026","DEJU_050.basePlot.vst","DEJU_050",2021-08-26,"single bole tree","Live",10.3,130,"noChange",5.4,2,1.8,"Partially shaded",NA,"23","PIMA","Picea mariana (Mill.) Britton, Sterns & Poggenb.","6N",7084321.32674317,561035.849034648,0.7,63.8807598177677,-145.757366449405,"509.11",1.1
"446","NEON.PLA.D19.DEJU.00718","DEJU_053.basePlot.vst","DEJU_053",2021-08-26,"single bole tree","Live",10.7,130,"noChange",5.4,1.8,1.7,"Partially shaded",NA,"41","PIMA","Picea mariana (Mill.) Britton, Sterns & Poggenb.","6N",7084423.72950604,560740.927131138,0.7,63.8817299945072,-145.763328700192,"511.12",1.1
"527","NEON.PLA.D19.DEJU.00817","DEJU_048.basePlot.vst","DEJU_048",2021-08-25,NA,"No longer qualifies",9.6,130,"noChange",5.4,1.2,1,"Partially shaded",NA,"39","PIMA","Picea mariana (Mill.) Britton, Sterns & Poggenb.","6N",7084389.25205236,561212.56924505,0.7,63.8813383216162,-145.753742607785,"506.24",1.1
"530","NEON.PLA.D19.DEJU.00820","DEJU_048.basePlot.vst","DEJU_048",2021-08-25,"single bole tree","Live",12,130,"noChange",5.4,2,1.5,"Partially shaded",NA,"39","PIMA","Picea mariana (Mill.) Britton, Sterns & Poggenb.","6N",7084393.06711547,561212.626812448,0.7,63.8813725404525,-145.753739919304,"506.24",1.1
"496","NEON.PLA.D19.DEJU.00771","DEJU_048.basePlot.vst","DEJU_048",2021-08-25,"single bole tree","Standing dead",12.6,130,"noChange",5.3,1.6,1,"Partially shaded",NA,"21","PIMA","Picea mariana (Mill.) Britton, Sterns & Poggenb.","6N",7084375.88699021,561219.360044733,0.7,63.8812172194823,-145.753609704039,"506.65",1.1
"545","NEON.PLA.D19.DEJU.00836","DEJU_048.basePlot.vst","DEJU_048",2021-08-25,"single bole tree","Live",11.3,130,"noChange",5.3,1.7,1.4,"Full sun",NA,"39","PIMA","Picea mariana (Mill.) Britton, Sterns & Poggenb.","6N",7084382.32509594,561224.729849833,0.7,63.8812740412492,-145.753497848999,"506.78",1.1
"770","NEON.PLA.D19.DEJU.02735","DEJU_054.basePlot.vst","DEJU_054",2021-08-25,"single bole tree","Standing dead",10.2,130,"noChange",5.3,2,1.3,"Full sun",NA,"41","POTR5","Populus tremuloides Michx.","6N",7084024.53756119,560861.685443538,0.7,63.8781273937259,-145.761028561043,"515.06",1.1
"904","NEON.PLA.D19.DEJU.04531","DEJU_048.basePlot.vst","DEJU_048",2021-08-25,"single bole tree","Live",10.5,130,"noChange",5.3,1.7,1.6,"Full sun",NA,"21","PIMA","Picea mariana (Mill.) Britton, Sterns & Poggenb.","6N",7084362.93120264,561221.915203173,0.8,63.8811005316975,-145.753562848925,"506.96",1.1
"1014","NEON.PLA.D19.DEJU.05092","DEJU_049.basePlot.vst","DEJU_049",2021-08-25,"multi-bole tree","Live",10.1,132,"noChange",5.3,2.5,2,"Partially shaded",NA,"23","PIMA","Picea mariana (Mill.) Britton, Sterns & Poggenb.","6N",7084337.42027141,561928.870429875,0.7,63.8807470189581,-145.739184147857,"507.62",1.1
"66","NEON.PLA.D19.DEJU.00108","DEJU_051.basePlot.vst","DEJU_051",2021-08-24,"single bole tree","Live",10.5,150,"noChange",5.2,1.5,1.2,"Partially shaded",NA,"39","PIMA","Picea mariana (Mill.) Britton, Sterns & Poggenb.","6N",7084051.41068454,561064.518031111,0.7,63.8783331039021,-145.756889977157,"512.13",1.1
"280","NEON.PLA.D19.DEJU.00352","DEJU_047.basePlot.vst","DEJU_047",2021-08-25,"single bole tree","Live",12,130,"noChange",5.2,3.4,3.2,"Partially shaded",NA,"23","POTR5","Populus tremuloides Michx.","6N",7084503.0212522,561932.123861288,0.84,63.8822322135329,-145.739051317001,"505.19",1.29
"531","NEON.PLA.D19.DEJU.00821","DEJU_048.basePlot.vst","DEJU_048",2021-08-25,"single bole tree","Live",10.6,130,"noChange",5.2,1.8,1.8,"Full sun",NA,"39","PIMA","Picea mariana (Mill.) Britton, Sterns & Poggenb.","6N",7084392.26162411,561218.010335315,0.7,63.8813643700241,-145.753630664828,"506.24",1.1
"585","NEON.PLA.D19.DEJU.01544","DEJU_053.basePlot.vst","DEJU_053",2021-08-26,"single bole tree","Live",15.9,133,"noChange",5.2,2,1.9,"Partially shaded",NA,"21","PIMA","Picea mariana (Mill.) Britton, Sterns & Poggenb.","6N",7084410.16557768,560719.265282697,0.7,63.8816120642988,-145.763774956141,"511.36",1.1
"825","NEON.PLA.D19.DEJU.02950","DEJU_046.basePlot.vst","DEJU_046",2021-08-25,"single bole tree","Live",12.3,132,"noChange",5.2,2.1,2.1,"Full sun",NA,"21","PIMA","Picea mariana (Mill.) Britton, Sterns & Poggenb.","6N",7083985.46157337,561225.242154838,0.7,63.877713272622,-145.753645213612,"511.66",1.1
"123","NEON.PLA.D19.DEJU.00203","DEJU_047.basePlot.vst","DEJU_047",2021-08-24,"single bole tree","Live",10,137,"noChange",5.1,1.8,1.4,"Partially shaded",NA,"21","PIGL","Picea glauca (Moench) Voss","6N",7084486.13398689,561902.689546219,0.71,63.8820859190812,-145.739657220131,"505.29",1.17
"181","NEON.PLA.D19.DEJU.00252","DEJU_047.basePlot.vst","DEJU_047",2021-08-24,"single bole tree","Live",11.2,135,"noChange",5.1,2.5,2,"Partially shaded",NA,"21","PIGL","Picea glauca (Moench) Voss","6N",7084493.39216507,561912.105728369,0.84,63.8821493704343,-145.739462643104,"505.19",1.29
"489","NEON.PLA.D19.DEJU.00764","DEJU_048.basePlot.vst","DEJU_048",2021-08-25,"single bole tree","Live,  other damage",16.6,130,"noChange",5.1,2.5,1.9,"Partially shaded",NA,"21","PIMA","Picea mariana (Mill.) Britton, Sterns & Poggenb.","6N",7084362.97871066,561214.836545349,0.8,63.8811021986027,-145.753706905705,"506.96",1.1
"795","NEON.PLA.D19.DEJU.02756","DEJU_054.basePlot.vst","DEJU_054",2021-08-25,"single bole tree","Live",13.8,128,"branchGrowth",5,4.8,4.3,"Partially shaded",NA,"23","POTR5","Populus tremuloides Michx.","6N",7084014.19982709,560848.00521884,0.7,63.8780370259372,-145.761311057742,"515.22",1.1
"910","NEON.PLA.D19.DEJU.04683","DEJU_046.basePlot.vst","DEJU_046",2021-08-25,"single bole tree","Live",10,130,"noChange",5,2,2,"Full sun",NA,"21","PIMA","Picea mariana (Mill.) Britton, Sterns & Poggenb.","6N",7083980.32946661,561215.123456399,0.7,63.8776690003646,-145.753853179932,"512.33",1.1
"956","NEON.PLA.D19.DEJU.05001","DEJU_045.basePlot.vst","DEJU_045",2021-08-23,"single bole tree","Live",10.4,130,"noChange",5,1.5,1.3,"Partially shaded",NA,"23","PIMA","Picea mariana (Mill.) Britton, Sterns & Poggenb.","6N",7084344.21879269,561754.930594112,0.7,63.8808388114463,-145.742721650864,"509.05",1.1
"80","NEON.PLA.D19.DEJU.00122","DEJU_051.basePlot.vst","DEJU_051",2021-08-24,"single bole tree","Live",10.3,131,"noChange",4.9,2.8,2.2,"Full sun",NA,"39","PIMA","Picea mariana (Mill.) Britton, Sterns & Poggenb.","6N",7084068.68732066,561080.744653056,0.7,63.8784852740319,-145.756552887919,"511.87",1.1
"409","NEON.PLA.D19.DEJU.00500","DEJU_045.basePlot.vst","DEJU_045",2021-08-23,"single bole tree","Live",13.5,120,"noChange",4.9,2.1,1.9,"Mostly shaded",NA,"23","PIMA","Picea mariana (Mill.) Britton, Sterns & Poggenb.","6N",7084334.89279487,561757.760112146,0.7,63.8807546382279,-145.742667801593,"509.02",1.1
"1057","NEON.PLA.D19.DEJU.05130","DEJU_054.basePlot.vst","DEJU_054",2021-08-25,"single bole tree","Live",11.1,130,"noChange",4.9,2,1.8,"Partially shaded",NA,"39","PIMA","Picea mariana (Mill.) Britton, Sterns & Poggenb.","6N",7084032.83701359,560857.733489861,0.7,63.8782025455454,-145.761105709285,"515.06",1.1
"443","NEON.PLA.D19.DEJU.00715","DEJU_053.basePlot.vst","DEJU_053",2021-08-26,"single bole tree","Live",10.8,130,"noChange",4.8,1.6,1.4,"Mostly shaded",NA,"41","PIMA","Picea mariana (Mill.) Britton, Sterns & Poggenb.","6N",7084423.96836499,560722.347132976,0.7,63.8817353682441,-145.76370678441,"511.05",1.1
"806","NEON.PLA.D19.DEJU.02924","DEJU_046.basePlot.vst","DEJU_046",2021-08-25,"single bole tree","Standing dead",14.1,128,"noChange",4.8,2.6,2.4,"Full sun",NA,"23","PIMA","Picea mariana (Mill.) Britton, Sterns & Poggenb.","6N",7083975.78780948,561236.645170759,0.7,63.8776244804305,-145.753416996382,"512.95",1.1
"893","NEON.PLA.D19.DEJU.04521","DEJU_048.basePlot.vst","DEJU_048",2021-08-25,NA,"No longer qualifies",NA,130,"noChange",4.7,NA,NA,"Partially shaded",NA,"21","PIMA","Picea mariana (Mill.) Britton, Sterns & Poggenb.","6N",7084362.54991721,561232.040845514,0.8,63.8810953358384,-145.753356908027,"506.96",1.1
"381","NEON.PLA.D19.DEJU.00497","DEJU_052.basePlot.vst","DEJU_052",2021-08-23,"single bole tree","Live",11.8,136,"noChange",4.6,4.3,3.2,"Full sun",NA,"21","PIMA","Picea mariana (Mill.) Britton, Sterns & Poggenb.","6N",7084456.89662925,561764.635804761,0.7,63.8818480419139,-145.74247891652,"507.94",1.1
"810","NEON.PLA.D19.DEJU.02928","DEJU_046.basePlot.vst","DEJU_046",2021-08-25,"single bole tree","Live",11,140,"noChange",4.6,1.5,1.2,"Full sun",NA,"23","PIMA","Picea mariana (Mill.) Britton, Sterns & Poggenb.","6N",7083989.37740631,561239.347419883,0.7,63.8777459332786,-145.753356599224,"512.99",1.1
"1052","NEON.PLA.D19.DEJU.05125","DEJU_054.basePlot.vst","DEJU_054",2021-08-25,"single bole tree","Live",10.7,133,"noChange",4.6,2.9,2.7,"Partially shaded",NA,"23","PIGL","Picea glauca (Moench) Voss","6N",7084012.78237542,560838.747430574,0.7,63.8780259208875,-145.761500026394,"514.55",1.1
"447","NEON.PLA.D19.DEJU.00719","DEJU_053.basePlot.vst","DEJU_053",2021-08-26,"single bole tree","Live",10.7,140,"noChange",4.5,1.7,1.5,"Partially shaded",NA,"41","PIMA","Picea mariana (Mill.) Britton, Sterns & Poggenb.","6N",7084414.85735559,560741.028908298,0.7,63.8816503751725,-145.763330128873,"511.12",1.1
"474","NEON.PLA.D19.DEJU.00748","DEJU_048.basePlot.vst","DEJU_048",2021-08-25,"single bole tree","Live",11.4,145,"noChange",4.5,1.6,1.3,"Partially shaded",NA,"21","PIMA","Picea mariana (Mill.) Britton, Sterns & Poggenb.","6N",7084367.66743581,561225.060309089,0.7,63.8811424741192,-145.753496951572,"506.78",1.1
"766","NEON.PLA.D19.DEJU.02731","DEJU_054.basePlot.vst","DEJU_054",2021-08-25,"single bole tree","Live",11.4,130,"noChange",4.5,3,2.9,"Partially shaded",NA,"41","POTR5","Populus tremuloides Michx.","6N",7084024.24942249,560851.414774459,0.7,63.8781265977687,-145.76123769776,"515.06",1.1
"821","NEON.PLA.D19.DEJU.02945","DEJU_046.basePlot.vst","DEJU_046",2021-08-25,"single bole tree","Live",10.5,135,"noChange",4.5,2.2,1.8,"Full sun",NA,"21","PIMA","Picea mariana (Mill.) Britton, Sterns & Poggenb.","6N",7083972.36388465,561228.716286416,0.7,63.8775951505929,-145.75357971843,"512.95",1.1
"538","NEON.PLA.D19.DEJU.00829","DEJU_048.basePlot.vst","DEJU_048",2021-08-25,"single bole tree","Live, physically damaged",13.3,130,"noChange",4.4,2.3,1.5,"Partially shaded",NA,"39","PIMA","Picea mariana (Mill.) Britton, Sterns & Poggenb.","6N",7084391.03206707,561227.942536477,0.72,63.8813515974357,-145.753428996568,"506.13",1.11
"713","NEON.PLA.D19.DEJU.02419","DEJU_045.basePlot.vst","DEJU_045",2021-08-23,"single bole tree","Live, physically damaged",11.8,130,"noChange",4.4,1.8,1.7,"Partially shaded",NA,"39","PIMA","Picea mariana (Mill.) Britton, Sterns & Poggenb.","6N",7084352.91795561,561725.127729942,0.79,63.8809221283699,-145.743324748885,"509.22",1.12
"26","NEON.PLA.D19.DEJU.00027","DEJU_050.basePlot.vst","DEJU_050",2021-08-26,"single bole tree","Live",10.3,140,"noChange",4.3,1.7,1.4,"Partially shaded",NA,"23","PIMA","Picea mariana (Mill.) Britton, Sterns & Poggenb.","6N",7084319.4974755,561042.418186639,0.7,63.8807422574963,-145.75723347063,"508.7",1.1
"116","NEON.PLA.D19.DEJU.00196","DEJU_049.basePlot.vst","DEJU_049",2021-08-25,"single bole tree","Standing dead",13.3,127,"noChange",4.3,3.5,2,"Partially shaded",NA,"21","POTR5","Populus tremuloides Michx.","6N",7084338.75727937,561908.083708047,0.71,63.8807626994411,-145.739606685833,"507.17",1.13
"426","NEON.PLA.D19.DEJU.00698","DEJU_045.basePlot.vst","DEJU_045",2021-08-23,"single bole tree","Live",11.1,128,"noChange",4.3,2.5,2.1,"Partially shaded",NA,"23","PIMA","Picea mariana (Mill.) Britton, Sterns & Poggenb.","6N",7084340.51549706,561756.331329767,0.7,63.8808053377863,-145.742694626684,"509.05",1.1
"476","NEON.PLA.D19.DEJU.00750","DEJU_048.basePlot.vst","DEJU_048",2021-08-25,"single bole tree","Standing dead",10,144,"noChange",4.3,1.3,1.2,"Partially shaded",NA,"21","PIMA","Picea mariana (Mill.) Britton, Sterns & Poggenb.","6N",7084367.61209568,561219.786920147,0.7,63.8811429019232,-145.753604305808,"506.65",1.1
"550","NEON.PLA.D19.DEJU.00841","DEJU_048.basePlot.vst","DEJU_048",2021-08-25,"single bole tree","Live",11.8,140,"noChange",4.3,1.9,1.8,"Full sun",NA,"39","PIMA","Picea mariana (Mill.) Britton, Sterns & Poggenb.","6N",7084382.15328089,561214.366794347,0.7,63.8812743160755,-145.753708843363,"506.65",1.1
"1058","NEON.PLA.D19.DEJU.05131","DEJU_054.basePlot.vst","DEJU_054",2021-08-25,"single bole tree","Live, physically damaged",10.4,140,"noChange",4.3,3.7,2.9,"Partially shaded",NA,"41","POTR5","Populus tremuloides Michx.","6N",7084024.20711,560856.192727093,0.7,63.8781253858121,-145.761140476287,"515.06",1.1
"480","NEON.PLA.D19.DEJU.00755","DEJU_048.basePlot.vst","DEJU_048",2021-08-25,"multi-bole tree","Standing dead",11.4,130,"noChange",4.2,1.8,1.6,"Partially shaded",NA,"21","PIMA","Picea mariana (Mill.) Britton, Sterns & Poggenb.","6N",7084360.10336389,561230.376306918,0.7,63.8810736770505,-145.7533917602,"506.9",1.11
"557","NEON.PLA.D19.DEJU.00855","DEJU_048.basePlot.vst","DEJU_048",2021-08-25,"single bole tree","Live",15.7,130,"noChange",4.2,2.7,2.3,"Full sun",NA,"39","PIMA","Picea mariana (Mill.) Britton, Sterns & Poggenb.","6N",7084397.8669278,561213.732767945,0.7,63.881415410769,-145.753715500666,"506.24",1.1
"497","NEON.PLA.D19.DEJU.00772","DEJU_048.basePlot.vst","DEJU_048",2021-08-25,"single bole tree","Standing dead",13.6,145,"noChange",4,2,1.1,"Mostly shaded",NA,"21","PIMA","Picea mariana (Mill.) Britton, Sterns & Poggenb.","6N",7084377.26070083,561223.99776629,0.7,63.8812287315862,-145.753514763405,"506.78",1.1
"248","NEON.PLA.D19.DEJU.00322","DEJU_047.basePlot.vst","DEJU_047",2021-08-25,"single bole tree","Standing dead",10,138,"noChange",3.8,2.3,2.1,"Full sun",NA,"23","PIMA","Picea mariana (Mill.) Britton, Sterns & Poggenb.","6N",7084486.85968886,561929.977946474,0.77,63.8820875925629,-145.739101496589,"505.16",1.18
"79","NEON.PLA.D19.DEJU.00121","DEJU_051.basePlot.vst","DEJU_051",2021-08-24,"single bole tree","Live,  other damage",11,130,"noChange",3.4,2.9,2.2,"Full sun",NA,"39","PIMA","Picea mariana (Mill.) Britton, Sterns & Poggenb.","6N",7084065.24041105,561074.93546931,0.7,63.8784553638594,-145.756672481457,"512.32",1.1
"823","NEON.PLA.D19.DEJU.02947","DEJU_046.basePlot.vst","DEJU_046",2021-08-25,"single bole tree","Live, physically damaged",11.8,132,"noChange",3,2.1,2,"Full sun",NA,"21","PIMA","Picea mariana (Mill.) Britton, Sterns & Poggenb.","6N",7083976.03833396,561224.048733073,0.7,63.8776289359936,-145.753673247071,"512.95",1.1
"87","NEON.PLA.D19.DEJU.00129","DEJU_051.basePlot.vst","DEJU_051",2021-08-24,"single bole tree","Dead, broken bole",10.4,135,"noChange",2.8,NA,NA,"Mostly shaded",NA,"39","PIMA","Picea mariana (Mill.) Britton, Sterns & Poggenb.","6N",7084055.28025133,561069.796922536,0.7,63.8783668990692,-145.756781009046,"512.32",1.1
"442","NEON.PLA.D19.DEJU.00714","DEJU_053.basePlot.vst","DEJU_053",2021-08-26,"single bole tree","Dead, broken bole",11.9,140,"noChange",2.8,NA,NA,"Partially shaded",NA,"41","PIMA","Picea mariana (Mill.) Britton, Sterns & Poggenb.","6N",7084422.84514482,560724.694100857,0.7,63.8817248825884,-145.76365945709,"511.05",1.1
"478","NEON.PLA.D19.DEJU.00752","DEJU_048.basePlot.vst","DEJU_048",2021-08-25,"single bole tree","Dead, broken bole",11.9,141,"noChange",2.8,NA,NA,"Partially shaded",NA,"21","PIMA","Picea mariana (Mill.) Britton, Sterns & Poggenb.","6N",7084363.18037033,561220.21433129,0.8,63.8811030653628,-145.753597368596,"506.96",1.1
"537","NEON.PLA.D19.DEJU.00828","DEJU_048.basePlot.vst","DEJU_048",2021-08-25,"single bole tree","Dead, broken bole",10.2,120,"noChange",2.8,NA,NA,"Partially shaded",NA,"39","PIMA","Picea mariana (Mill.) Britton, Sterns & Poggenb.","6N",7084393.52903997,561229.210109189,0.72,63.8813737781866,-145.75340220376,"506.13",1.11
"544","NEON.PLA.D19.DEJU.00835","DEJU_048.basePlot.vst","DEJU_048",2021-08-25,"single bole tree","Dead, broken bole",12.6,140,"noChange",2.6,NA,NA,"Partially shaded",NA,"39","PIMA","Picea mariana (Mill.) Britton, Sterns & Poggenb.","6N",7084380.62106892,561226.230564599,0.7,63.8812584895807,-145.753467981595,"506.78",1.1
"534","NEON.PLA.D19.DEJU.00825","DEJU_048.basePlot.vst","DEJU_048",2021-08-25,"single bole tree","Dead, broken bole",10.7,130,"noChange",2.3,NA,NA,"Partially shaded",NA,"39","PIMA","Picea mariana (Mill.) Britton, Sterns & Poggenb.","6N",7084394.99088056,561223.792477001,0.72,63.8813878435618,-145.753511891461,"506.13",1.11
"772","NEON.PLA.D19.DEJU.02737","DEJU_054.basePlot.vst","DEJU_054",2021-08-25,"single bole tree","Dead, broken bole",10.8,130,"noChange",2.1,NA,NA,"Partially shaded",NA,"41","POTR5","Populus tremuloides Michx.","6N",7084033.55558473,560860.987854494,0.7,63.8782084256517,-145.761039194145,"514.53",1.1
"831","NEON.PLA.D19.DEJU.02957","DEJU_046.basePlot.vst","DEJU_046",2021-08-25,"single bole tree","Dead, broken bole",14.6,136,"noChange",1.9,NA,NA,"Open grown",NA,"21","PIMA","Picea mariana (Mill.) Britton, Sterns & Poggenb.","6N",7083976.26688962,561213.49685064,0.7,63.8776328357422,-145.753887897787,"512.33",1.1
"6","NEON.PLA.D19.DEJU.00007","DEJU_051.basePlot.vst","DEJU_051",2021-08-24,"single bole tree","Dead, broken bole",12.3,130,"noChange",1.7,NA,NA,"Mostly shaded",NA,"21","PIMA","Picea mariana (Mill.) Britton, Sterns & Poggenb.","6N",7084033.18987814,561062.745793991,0.7,63.8781699354974,-145.756933269536,"512.33",1.1
